[
    {
        "pk": 1,
        "model": "sites.site",
        "fields": {
            "domain": "example.com",
            "name": "example site"
        }
    },
    {
        "pk": 2,
        "model": "pylucid.language",
        "fields": {
            "code": "de",
            "description": "Deutsch",
            "lastupdatetime": "2010-01-29T08:26:03",
            "permitViewGroup": null,
            "sites": [
                1
            ],
            "createby": 1,
            "lastupdateby": 1,
            "createtime": "2010-01-29T08:26:03"
        }
    },
    {
        "pk": 1,
        "model": "pylucid.language",
        "fields": {
            "code": "en",
            "description": "English",
            "lastupdatetime": "2010-01-29T08:50:03",
            "permitViewGroup": null,
            "sites": [
                1
            ],
            "createby": null,
            "lastupdateby": 1,
            "createtime": "2009-11-03T03:35:41"
        }
    },
    {
        "pk": 1,
        "model": "pylucid.colorscheme",
        "fields": {
            "createby": 1,
            "lastupdateby": 1,
            "createtime": "2009-11-03T03:37:09",
            "lastupdatetime": "2010-09-24T09:36:19",
            "name": "main yellow"
        }
    },
    {
        "pk": 2,
        "model": "pylucid.colorscheme",
        "fields": {
            "createby": 1,
            "lastupdateby": 1,
            "createtime": "2009-11-03T03:37:16",
            "lastupdatetime": "2010-09-14T07:47:46",
            "name": "small dark"
        }
    },
    {
        "pk": 4,
        "model": "pylucid.colorscheme",
        "fields": {
            "createby": 1,
            "lastupdateby": 1,
            "createtime": "2009-11-03T03:37:19",
            "lastupdatetime": "2010-09-13T11:59:37",
            "name": "elementary"
        }
    },
    {
        "pk": 5,
        "model": "pylucid.colorscheme",
        "fields": {
            "createby": 1,
            "lastupdateby": 1,
            "createtime": "2009-11-03T03:37:20",
            "lastupdatetime": "2010-09-14T08:07:51",
            "name": "small white"
        }
    },
    {
        "pk": 6,
        "model": "pylucid.colorscheme",
        "fields": {
            "createby": 1,
            "lastupdateby": 1,
            "createtime": "2010-08-31T14:16:32",
            "lastupdatetime": "2010-09-16T21:24:13",
            "name": "main blue"
        }
    },
    {
        "pk": 7,
        "model": "pylucid.colorscheme",
        "fields": {
            "createby": 1,
            "lastupdateby": 1,
            "createtime": "2010-09-14T07:28:09",
            "lastupdatetime": "2010-09-24T09:24:36",
            "name": "main green"
        }
    },
    {
        "pk": 8,
        "model": "pylucid.colorscheme",
        "fields": {
            "createby": 1,
            "lastupdateby": 1,
            "createtime": "2010-09-24T09:29:26",
            "lastupdatetime": "2010-09-24T09:29:40",
            "name": "main yellow pop"
        }
    },
    {
        "pk": 182,
        "model": "pylucid.color",
        "fields": {
            "createby": 1,
            "name": "black",
            "lastupdatetime": "2010-09-16T20:28:15",
            "colorscheme": 1,
            "value": "000000",
            "lastupdateby": 1,
            "createtime": "2010-09-16T20:28:15"
        }
    },
    {
        "pk": 152,
        "model": "pylucid.color",
        "fields": {
            "createby": 1,
            "name": "darkgrey",
            "lastupdatetime": "2010-09-16T20:28:14",
            "colorscheme": 1,
            "value": "aaaaaa",
            "lastupdateby": 1,
            "createtime": "2010-09-16T20:28:14"
        }
    },
    {
        "pk": 140,
        "model": "pylucid.color",
        "fields": {
            "createby": 1,
            "name": "darkgrey_d28",
            "lastupdatetime": "2010-09-16T20:28:14",
            "colorscheme": 1,
            "value": "999999",
            "lastupdateby": 1,
            "createtime": "2010-09-16T20:28:14"
        }
    },
    {
        "pk": 173,
        "model": "pylucid.color",
        "fields": {
            "createby": 1,
            "name": "darkred_d31",
            "lastupdatetime": "2010-09-16T20:28:15",
            "colorscheme": 1,
            "value": "aa0000",
            "lastupdateby": 1,
            "createtime": "2010-09-16T20:28:15"
        }
    },
    {
        "pk": 203,
        "model": "pylucid.color",
        "fields": {
            "createby": 1,
            "name": "darkslategrey_d26",
            "lastupdatetime": "2010-09-16T20:28:15",
            "colorscheme": 1,
            "value": "444444",
            "lastupdateby": 1,
            "createtime": "2010-09-16T20:28:15"
        }
    },
    {
        "pk": 134,
        "model": "pylucid.color",
        "fields": {
            "createby": 1,
            "name": "darkslategrey_d40",
            "lastupdatetime": "2010-09-16T20:28:14",
            "colorscheme": 1,
            "value": "333333",
            "lastupdateby": 1,
            "createtime": "2010-09-16T20:28:14"
        }
    },
    {
        "pk": 197,
        "model": "pylucid.color",
        "fields": {
            "createby": 1,
            "name": "dimgrey_d35",
            "lastupdatetime": "2010-09-16T20:28:15",
            "colorscheme": 1,
            "value": "555555",
            "lastupdateby": 1,
            "createtime": "2010-09-16T20:28:15"
        }
    },
    {
        "pk": 176,
        "model": "pylucid.color",
        "fields": {
            "createby": 1,
            "name": "gainsboro",
            "lastupdatetime": "2010-09-16T20:28:15",
            "colorscheme": 1,
            "value": "dddddd",
            "lastupdateby": 1,
            "createtime": "2010-09-16T20:28:15"
        }
    },
    {
        "pk": 209,
        "model": "pylucid.color",
        "fields": {
            "createby": 1,
            "name": "gray",
            "lastupdatetime": "2010-09-16T20:28:15",
            "colorscheme": 1,
            "value": "808080",
            "lastupdateby": 1,
            "createtime": "2010-09-16T20:28:15"
        }
    },
    {
        "pk": 161,
        "model": "pylucid.color",
        "fields": {
            "createby": 1,
            "name": "gray_d14",
            "lastupdatetime": "2010-09-16T20:28:14",
            "colorscheme": 1,
            "value": "888888",
            "lastupdateby": 1,
            "createtime": "2010-09-16T20:28:14"
        }
    },
    {
        "pk": 194,
        "model": "pylucid.color",
        "fields": {
            "createby": 1,
            "name": "gray_d16",
            "lastupdatetime": "2010-09-16T20:28:15",
            "colorscheme": 1,
            "value": "777777",
            "lastupdateby": 1,
            "createtime": "2010-09-16T20:28:15"
        }
    },
    {
        "pk": 158,
        "model": "pylucid.color",
        "fields": {
            "createby": 1,
            "name": "lightgray_d10",
            "lastupdatetime": "2010-09-16T20:28:14",
            "colorscheme": 1,
            "value": "cdcdcd",
            "lastupdateby": 1,
            "createtime": "2010-09-16T20:28:14"
        }
    },
    {
        "pk": 206,
        "model": "pylucid.color",
        "fields": {
            "createby": 1,
            "name": "lightgray_d12",
            "lastupdatetime": "2010-09-16T20:28:15",
            "colorscheme": 1,
            "value": "cccccc",
            "lastupdateby": 1,
            "createtime": "2010-09-16T20:28:15"
        }
    },
    {
        "pk": 212,
        "model": "pylucid.color",
        "fields": {
            "createby": 1,
            "name": "main_color_1",
            "lastupdatetime": "2010-09-16T20:33:44",
            "colorscheme": 1,
            "value": "f5eea1",
            "lastupdateby": 1,
            "createtime": "2010-09-16T20:32:20"
        }
    },
    {
        "pk": 200,
        "model": "pylucid.color",
        "fields": {
            "createby": 1,
            "name": "main_color_2",
            "lastupdatetime": "2010-09-16T21:19:53",
            "colorscheme": 1,
            "value": "332f00",
            "lastupdateby": 1,
            "createtime": "2010-09-16T20:28:15"
        }
    },
    {
        "pk": 155,
        "model": "pylucid.color",
        "fields": {
            "createby": 1,
            "name": "main_color_4",
            "lastupdatetime": "2010-09-16T21:32:12",
            "colorscheme": 1,
            "value": "F5CD31",
            "lastupdateby": 1,
            "createtime": "2010-09-16T20:28:14"
        }
    },
    {
        "pk": 131,
        "model": "pylucid.color",
        "fields": {
            "createby": 1,
            "name": "main_color_5",
            "lastupdatetime": "2010-09-16T21:32:12",
            "colorscheme": 1,
            "value": "F5CD31",
            "lastupdateby": 1,
            "createtime": "2010-09-16T20:28:14"
        }
    },
    {
        "pk": 137,
        "model": "pylucid.color",
        "fields": {
            "createby": 1,
            "name": "main_color_body_background",
            "lastupdatetime": "2010-09-24T09:35:44",
            "colorscheme": 1,
            "value": "fffefa",
            "lastupdateby": 1,
            "createtime": "2010-09-16T20:28:14"
        }
    },
    {
        "pk": 218,
        "model": "pylucid.color",
        "fields": {
            "createby": 1,
            "name": "main_color_content_background",
            "lastupdatetime": "2010-09-24T09:35:44",
            "colorscheme": 1,
            "value": "fff8db",
            "lastupdateby": 1,
            "createtime": "2010-09-16T20:49:06"
        }
    },
    {
        "pk": 221,
        "model": "pylucid.color",
        "fields": {
            "createby": 1,
            "name": "main_color_link_hover",
            "lastupdatetime": "2010-09-24T09:36:19",
            "colorscheme": 1,
            "value": "e3762d",
            "lastupdateby": 1,
            "createtime": "2010-09-16T21:22:35"
        }
    },
    {
        "pk": 128,
        "model": "pylucid.color",
        "fields": {
            "createby": 1,
            "name": "main_color_link_normal",
            "lastupdatetime": "2010-09-16T21:32:12",
            "colorscheme": 1,
            "value": "2E5EAB",
            "lastupdateby": 1,
            "createtime": "2010-09-16T20:28:14"
        }
    },
    {
        "pk": 224,
        "model": "pylucid.color",
        "fields": {
            "createby": 1,
            "name": "main_color_link_normal2",
            "lastupdatetime": "2010-09-24T09:22:15",
            "colorscheme": 1,
            "value": "0e1d33",
            "lastupdateby": 1,
            "createtime": "2010-09-24T09:21:10"
        }
    },
    {
        "pk": 215,
        "model": "pylucid.color",
        "fields": {
            "createby": 1,
            "name": "main_color_menu_background",
            "lastupdatetime": "2010-09-24T09:36:19",
            "colorscheme": 1,
            "value": "ffd1b0",
            "lastupdateby": 1,
            "createtime": "2010-09-16T20:49:05"
        }
    },
    {
        "pk": 191,
        "model": "pylucid.color",
        "fields": {
            "createby": 1,
            "name": "silver_d9",
            "lastupdatetime": "2010-09-16T20:28:15",
            "colorscheme": 1,
            "value": "bbbbbb",
            "lastupdateby": 1,
            "createtime": "2010-09-16T20:28:15"
        }
    },
    {
        "pk": 179,
        "model": "pylucid.color",
        "fields": {
            "createby": 1,
            "name": "white",
            "lastupdatetime": "2010-09-16T20:44:55",
            "colorscheme": 1,
            "value": "fefefe",
            "lastupdateby": 1,
            "createtime": "2010-09-16T20:28:15"
        }
    },
    {
        "pk": 48,
        "model": "pylucid.color",
        "fields": {
            "createby": 1,
            "name": "background_body",
            "lastupdatetime": "2010-09-14T07:40:37",
            "colorscheme": 2,
            "value": "555555",
            "lastupdateby": 1,
            "createtime": "2009-11-03T03:40:40"
        }
    },
    {
        "pk": 39,
        "model": "pylucid.color",
        "fields": {
            "createby": 1,
            "name": "headline",
            "lastupdatetime": "2010-09-14T07:40:37",
            "colorscheme": 2,
            "value": "eaecff",
            "lastupdateby": 1,
            "createtime": "2009-11-03T03:40:37"
        }
    },
    {
        "pk": 121,
        "model": "pylucid.color",
        "fields": {
            "createby": 1,
            "name": "link_hover",
            "lastupdatetime": "2010-09-14T07:45:01",
            "colorscheme": 2,
            "value": "2828b8",
            "lastupdateby": 1,
            "createtime": "2010-09-14T07:44:35"
        }
    },
    {
        "pk": 120,
        "model": "pylucid.color",
        "fields": {
            "createby": 1,
            "name": "link_normal",
            "lastupdatetime": "2010-09-14T07:44:50",
            "colorscheme": 2,
            "value": "22224d",
            "lastupdateby": 1,
            "createtime": "2010-09-14T07:41:44"
        }
    },
    {
        "pk": 122,
        "model": "pylucid.color",
        "fields": {
            "createby": 1,
            "name": "main_menu_background",
            "lastupdatetime": "2010-09-14T07:47:46",
            "colorscheme": 2,
            "value": "1e2338",
            "lastupdateby": 1,
            "createtime": "2010-09-14T07:46:42"
        }
    },
    {
        "pk": 71,
        "model": "pylucid.color",
        "fields": {
            "createby": 1,
            "name": "main_menu_current",
            "lastupdatetime": "2010-09-14T07:47:28",
            "colorscheme": 2,
            "value": "2c365c",
            "lastupdateby": 1,
            "createtime": "2010-05-28T09:09:34"
        }
    },
    {
        "pk": 43,
        "model": "pylucid.color",
        "fields": {
            "createby": 1,
            "name": "text",
            "lastupdatetime": "2010-09-14T07:40:37",
            "colorscheme": 2,
            "value": "dddddd",
            "lastupdateby": 1,
            "createtime": "2009-11-03T03:40:38"
        }
    },
    {
        "pk": 38,
        "model": "pylucid.color",
        "fields": {
            "createby": 1,
            "name": "white",
            "lastupdatetime": "2010-08-31T14:12:16",
            "colorscheme": 2,
            "value": "ffffff",
            "lastupdateby": 1,
            "createtime": "2009-11-03T03:40:37"
        }
    },
    {
        "pk": 84,
        "model": "pylucid.color",
        "fields": {
            "createby": 1,
            "name": "background_body",
            "lastupdatetime": "2010-09-13T11:58:58",
            "colorscheme": 4,
            "value": "fffafa",
            "lastupdateby": 1,
            "createtime": "2010-05-28T09:13:28"
        }
    },
    {
        "pk": 85,
        "model": "pylucid.color",
        "fields": {
            "createby": 1,
            "name": "background_headline",
            "lastupdatetime": "2010-09-13T11:57:45",
            "colorscheme": 4,
            "value": "ffe4b5",
            "lastupdateby": 1,
            "createtime": "2010-05-28T09:13:40"
        }
    },
    {
        "pk": 87,
        "model": "pylucid.color",
        "fields": {
            "createby": 1,
            "name": "background_main_content",
            "lastupdatetime": "2010-09-13T11:59:37",
            "colorscheme": 4,
            "value": "ffffe0",
            "lastupdateby": 1,
            "createtime": "2010-05-28T09:14:40"
        }
    },
    {
        "pk": 88,
        "model": "pylucid.color",
        "fields": {
            "createby": 1,
            "name": "background_mainmenu",
            "lastupdatetime": "2010-09-13T11:57:46",
            "colorscheme": 4,
            "value": "ffdead",
            "lastupdateby": 1,
            "createtime": "2010-05-28T09:14:40"
        }
    },
    {
        "pk": 15,
        "model": "pylucid.color",
        "fields": {
            "createby": 1,
            "name": "black",
            "lastupdatetime": "2010-08-31T14:12:35",
            "colorscheme": 4,
            "value": "000000",
            "lastupdateby": 1,
            "createtime": "2009-11-03T03:40:30"
        }
    },
    {
        "pk": 86,
        "model": "pylucid.color",
        "fields": {
            "createby": 1,
            "name": "link_current_background",
            "lastupdatetime": "2010-09-13T11:58:27",
            "colorscheme": 4,
            "value": "ffa500",
            "lastupdateby": 1,
            "createtime": "2010-05-28T09:14:40"
        }
    },
    {
        "pk": 10,
        "model": "pylucid.color",
        "fields": {
            "createby": 1,
            "name": "white",
            "lastupdatetime": "2010-08-31T14:12:35",
            "colorscheme": 4,
            "value": "ffffff",
            "lastupdateby": 1,
            "createtime": "2009-11-03T03:40:29"
        }
    },
    {
        "pk": 83,
        "model": "pylucid.color",
        "fields": {
            "createby": 1,
            "name": "grey_dark_1",
            "lastupdatetime": "2010-09-14T07:56:37",
            "colorscheme": 5,
            "value": "303030",
            "lastupdateby": 1,
            "createtime": "2010-05-28T09:12:09"
        }
    },
    {
        "pk": 69,
        "model": "pylucid.color",
        "fields": {
            "createby": 1,
            "name": "grey_dark_2",
            "lastupdatetime": "2010-09-14T07:56:37",
            "colorscheme": 5,
            "value": "505050",
            "lastupdateby": 1,
            "createtime": "2009-11-03T03:40:46"
        }
    },
    {
        "pk": 61,
        "model": "pylucid.color",
        "fields": {
            "createby": 1,
            "name": "grey_dark_3",
            "lastupdatetime": "2010-09-14T07:56:37",
            "colorscheme": 5,
            "value": "808080",
            "lastupdateby": 1,
            "createtime": "2009-11-03T03:40:44"
        }
    },
    {
        "pk": 63,
        "model": "pylucid.color",
        "fields": {
            "createby": 1,
            "name": "grey_dark_4",
            "lastupdatetime": "2010-09-14T07:57:13",
            "colorscheme": 5,
            "value": "cccccc",
            "lastupdateby": 1,
            "createtime": "2009-11-03T03:40:44"
        }
    },
    {
        "pk": 66,
        "model": "pylucid.color",
        "fields": {
            "createby": 1,
            "name": "grey_white_1",
            "lastupdatetime": "2010-09-14T07:58:10",
            "colorscheme": 5,
            "value": "f4f4f4",
            "lastupdateby": 1,
            "createtime": "2009-11-03T03:40:45"
        }
    },
    {
        "pk": 64,
        "model": "pylucid.color",
        "fields": {
            "createby": 1,
            "name": "grey_white_2",
            "lastupdatetime": "2010-09-14T07:58:11",
            "colorscheme": 5,
            "value": "f0f0f0",
            "lastupdateby": 1,
            "createtime": "2009-11-03T03:40:44"
        }
    },
    {
        "pk": 68,
        "model": "pylucid.color",
        "fields": {
            "createby": 1,
            "name": "grey_white_3",
            "lastupdatetime": "2010-09-14T07:58:11",
            "colorscheme": 5,
            "value": "eaeaea",
            "lastupdateby": 1,
            "createtime": "2009-11-03T03:40:45"
        }
    },
    {
        "pk": 82,
        "model": "pylucid.color",
        "fields": {
            "createby": 1,
            "name": "grey_white_4",
            "lastupdatetime": "2010-09-14T07:58:11",
            "colorscheme": 5,
            "value": "e0e0e0",
            "lastupdateby": 1,
            "createtime": "2010-05-28T09:12:09"
        }
    },
    {
        "pk": 60,
        "model": "pylucid.color",
        "fields": {
            "createby": 1,
            "name": "grey_white_5",
            "lastupdatetime": "2010-09-14T07:58:01",
            "colorscheme": 5,
            "value": "dddddd",
            "lastupdateby": 1,
            "createtime": "2009-11-03T03:40:43"
        }
    },
    {
        "pk": 124,
        "model": "pylucid.color",
        "fields": {
            "createby": 1,
            "name": "link_current",
            "lastupdatetime": "2010-09-14T08:07:51",
            "colorscheme": 5,
            "value": "215b85",
            "lastupdateby": 1,
            "createtime": "2010-09-14T08:03:11"
        }
    },
    {
        "pk": 123,
        "model": "pylucid.color",
        "fields": {
            "createby": 1,
            "name": "link_hover",
            "lastupdatetime": "2010-09-14T07:53:59",
            "colorscheme": 5,
            "value": "0d7bd6",
            "lastupdateby": 1,
            "createtime": "2010-09-14T07:53:38"
        }
    },
    {
        "pk": 70,
        "model": "pylucid.color",
        "fields": {
            "createby": 1,
            "name": "link_normal",
            "lastupdatetime": "2010-09-14T07:53:15",
            "colorscheme": 5,
            "value": "286ea0",
            "lastupdateby": 1,
            "createtime": "2009-11-03T03:40:46"
        }
    },
    {
        "pk": 55,
        "model": "pylucid.color",
        "fields": {
            "createby": 1,
            "name": "white",
            "lastupdatetime": "2010-08-31T14:11:36",
            "colorscheme": 5,
            "value": "ffffff",
            "lastupdateby": 1,
            "createtime": "2009-11-03T03:40:42"
        }
    },
    {
        "pk": 183,
        "model": "pylucid.color",
        "fields": {
            "createby": 1,
            "name": "black",
            "lastupdatetime": "2010-09-16T20:28:15",
            "colorscheme": 6,
            "value": "000000",
            "lastupdateby": 1,
            "createtime": "2010-09-16T20:28:15"
        }
    },
    {
        "pk": 153,
        "model": "pylucid.color",
        "fields": {
            "createby": 1,
            "name": "darkgrey",
            "lastupdatetime": "2010-09-16T20:28:14",
            "colorscheme": 6,
            "value": "aaaaaa",
            "lastupdateby": 1,
            "createtime": "2010-09-16T20:28:14"
        }
    },
    {
        "pk": 141,
        "model": "pylucid.color",
        "fields": {
            "createby": 1,
            "name": "darkgrey_d28",
            "lastupdatetime": "2010-09-16T20:28:14",
            "colorscheme": 6,
            "value": "999999",
            "lastupdateby": 1,
            "createtime": "2010-09-16T20:28:14"
        }
    },
    {
        "pk": 174,
        "model": "pylucid.color",
        "fields": {
            "createby": 1,
            "name": "darkred_d31",
            "lastupdatetime": "2010-09-16T20:28:15",
            "colorscheme": 6,
            "value": "aa0000",
            "lastupdateby": 1,
            "createtime": "2010-09-16T20:28:15"
        }
    },
    {
        "pk": 204,
        "model": "pylucid.color",
        "fields": {
            "createby": 1,
            "name": "darkslategrey_d26",
            "lastupdatetime": "2010-09-16T20:28:15",
            "colorscheme": 6,
            "value": "444444",
            "lastupdateby": 1,
            "createtime": "2010-09-16T20:28:15"
        }
    },
    {
        "pk": 135,
        "model": "pylucid.color",
        "fields": {
            "createby": 1,
            "name": "darkslategrey_d40",
            "lastupdatetime": "2010-09-16T20:28:14",
            "colorscheme": 6,
            "value": "333333",
            "lastupdateby": 1,
            "createtime": "2010-09-16T20:28:14"
        }
    },
    {
        "pk": 198,
        "model": "pylucid.color",
        "fields": {
            "createby": 1,
            "name": "dimgrey_d35",
            "lastupdatetime": "2010-09-16T20:28:15",
            "colorscheme": 6,
            "value": "555555",
            "lastupdateby": 1,
            "createtime": "2010-09-16T20:28:15"
        }
    },
    {
        "pk": 177,
        "model": "pylucid.color",
        "fields": {
            "createby": 1,
            "name": "gainsboro",
            "lastupdatetime": "2010-09-16T20:28:15",
            "colorscheme": 6,
            "value": "dddddd",
            "lastupdateby": 1,
            "createtime": "2010-09-16T20:28:15"
        }
    },
    {
        "pk": 210,
        "model": "pylucid.color",
        "fields": {
            "createby": 1,
            "name": "gray",
            "lastupdatetime": "2010-09-16T20:28:15",
            "colorscheme": 6,
            "value": "808080",
            "lastupdateby": 1,
            "createtime": "2010-09-16T20:28:15"
        }
    },
    {
        "pk": 162,
        "model": "pylucid.color",
        "fields": {
            "createby": 1,
            "name": "gray_d14",
            "lastupdatetime": "2010-09-16T20:28:14",
            "colorscheme": 6,
            "value": "888888",
            "lastupdateby": 1,
            "createtime": "2010-09-16T20:28:14"
        }
    },
    {
        "pk": 195,
        "model": "pylucid.color",
        "fields": {
            "createby": 1,
            "name": "gray_d16",
            "lastupdatetime": "2010-09-16T20:28:15",
            "colorscheme": 6,
            "value": "777777",
            "lastupdateby": 1,
            "createtime": "2010-09-16T20:28:15"
        }
    },
    {
        "pk": 159,
        "model": "pylucid.color",
        "fields": {
            "createby": 1,
            "name": "lightgray_d10",
            "lastupdatetime": "2010-09-16T20:28:14",
            "colorscheme": 6,
            "value": "cdcdcd",
            "lastupdateby": 1,
            "createtime": "2010-09-16T20:28:14"
        }
    },
    {
        "pk": 207,
        "model": "pylucid.color",
        "fields": {
            "createby": 1,
            "name": "lightgray_d12",
            "lastupdatetime": "2010-09-16T20:28:15",
            "colorscheme": 6,
            "value": "cccccc",
            "lastupdateby": 1,
            "createtime": "2010-09-16T20:28:15"
        }
    },
    {
        "pk": 213,
        "model": "pylucid.color",
        "fields": {
            "createby": 1,
            "name": "main_color_1",
            "lastupdatetime": "2010-09-16T20:36:42",
            "colorscheme": 6,
            "value": "00b7ff",
            "lastupdateby": 1,
            "createtime": "2010-09-16T20:32:20"
        }
    },
    {
        "pk": 201,
        "model": "pylucid.color",
        "fields": {
            "createby": 1,
            "name": "main_color_2",
            "lastupdatetime": "2010-09-16T21:19:53",
            "colorscheme": 6,
            "value": "002533",
            "lastupdateby": 1,
            "createtime": "2010-09-16T20:28:15"
        }
    },
    {
        "pk": 156,
        "model": "pylucid.color",
        "fields": {
            "createby": 1,
            "name": "main_color_4",
            "lastupdatetime": "2010-09-16T20:36:42",
            "colorscheme": 6,
            "value": "0078a8",
            "lastupdateby": 1,
            "createtime": "2010-09-16T20:28:14"
        }
    },
    {
        "pk": 132,
        "model": "pylucid.color",
        "fields": {
            "createby": 1,
            "name": "main_color_5",
            "lastupdatetime": "2010-09-16T20:36:42",
            "colorscheme": 6,
            "value": "1d5b73",
            "lastupdateby": 1,
            "createtime": "2010-09-16T20:28:14"
        }
    },
    {
        "pk": 138,
        "model": "pylucid.color",
        "fields": {
            "createby": 1,
            "name": "main_color_body_background",
            "lastupdatetime": "2010-09-16T20:38:39",
            "colorscheme": 6,
            "value": "dce8ed",
            "lastupdateby": 1,
            "createtime": "2010-09-16T20:28:14"
        }
    },
    {
        "pk": 219,
        "model": "pylucid.color",
        "fields": {
            "createby": 1,
            "name": "main_color_content_background",
            "lastupdatetime": "2010-09-16T20:51:24",
            "colorscheme": 6,
            "value": "ebf9ff",
            "lastupdateby": 1,
            "createtime": "2010-09-16T20:49:06"
        }
    },
    {
        "pk": 222,
        "model": "pylucid.color",
        "fields": {
            "createby": 1,
            "name": "main_color_link_hover",
            "lastupdatetime": "2010-09-16T21:24:13",
            "colorscheme": 6,
            "value": "002938",
            "lastupdateby": 1,
            "createtime": "2010-09-16T21:22:35"
        }
    },
    {
        "pk": 129,
        "model": "pylucid.color",
        "fields": {
            "createby": 1,
            "name": "main_color_link_normal",
            "lastupdatetime": "2010-09-16T21:19:31",
            "colorscheme": 6,
            "value": "005475",
            "lastupdateby": 1,
            "createtime": "2010-09-16T20:28:14"
        }
    },
    {
        "pk": 225,
        "model": "pylucid.color",
        "fields": {
            "createby": 1,
            "name": "main_color_link_normal2",
            "lastupdatetime": "2010-09-24T09:21:46",
            "colorscheme": 6,
            "value": "2e84ab",
            "lastupdateby": 1,
            "createtime": "2010-09-24T09:21:10"
        }
    },
    {
        "pk": 216,
        "model": "pylucid.color",
        "fields": {
            "createby": 1,
            "name": "main_color_menu_background",
            "lastupdatetime": "2010-09-16T20:51:25",
            "colorscheme": 6,
            "value": "c7d5db",
            "lastupdateby": 1,
            "createtime": "2010-09-16T20:49:05"
        }
    },
    {
        "pk": 192,
        "model": "pylucid.color",
        "fields": {
            "createby": 1,
            "name": "silver_d9",
            "lastupdatetime": "2010-09-16T20:28:15",
            "colorscheme": 6,
            "value": "bbbbbb",
            "lastupdateby": 1,
            "createtime": "2010-09-16T20:28:15"
        }
    },
    {
        "pk": 180,
        "model": "pylucid.color",
        "fields": {
            "createby": 1,
            "name": "white",
            "lastupdatetime": "2010-09-16T20:44:55",
            "colorscheme": 6,
            "value": "fefefe",
            "lastupdateby": 1,
            "createtime": "2010-09-16T20:28:15"
        }
    },
    {
        "pk": 184,
        "model": "pylucid.color",
        "fields": {
            "createby": 1,
            "name": "black",
            "lastupdatetime": "2010-09-16T20:28:15",
            "colorscheme": 7,
            "value": "000000",
            "lastupdateby": 1,
            "createtime": "2010-09-16T20:28:15"
        }
    },
    {
        "pk": 154,
        "model": "pylucid.color",
        "fields": {
            "createby": 1,
            "name": "darkgrey",
            "lastupdatetime": "2010-09-16T20:28:14",
            "colorscheme": 7,
            "value": "aaaaaa",
            "lastupdateby": 1,
            "createtime": "2010-09-16T20:28:14"
        }
    },
    {
        "pk": 142,
        "model": "pylucid.color",
        "fields": {
            "createby": 1,
            "name": "darkgrey_d28",
            "lastupdatetime": "2010-09-16T20:28:14",
            "colorscheme": 7,
            "value": "999999",
            "lastupdateby": 1,
            "createtime": "2010-09-16T20:28:14"
        }
    },
    {
        "pk": 175,
        "model": "pylucid.color",
        "fields": {
            "createby": 1,
            "name": "darkred_d31",
            "lastupdatetime": "2010-09-16T20:28:15",
            "colorscheme": 7,
            "value": "aa0000",
            "lastupdateby": 1,
            "createtime": "2010-09-16T20:28:15"
        }
    },
    {
        "pk": 205,
        "model": "pylucid.color",
        "fields": {
            "createby": 1,
            "name": "darkslategrey_d26",
            "lastupdatetime": "2010-09-16T20:28:15",
            "colorscheme": 7,
            "value": "444444",
            "lastupdateby": 1,
            "createtime": "2010-09-16T20:28:15"
        }
    },
    {
        "pk": 136,
        "model": "pylucid.color",
        "fields": {
            "createby": 1,
            "name": "darkslategrey_d40",
            "lastupdatetime": "2010-09-16T20:28:14",
            "colorscheme": 7,
            "value": "333333",
            "lastupdateby": 1,
            "createtime": "2010-09-16T20:28:14"
        }
    },
    {
        "pk": 199,
        "model": "pylucid.color",
        "fields": {
            "createby": 1,
            "name": "dimgrey_d35",
            "lastupdatetime": "2010-09-16T20:28:15",
            "colorscheme": 7,
            "value": "555555",
            "lastupdateby": 1,
            "createtime": "2010-09-16T20:28:15"
        }
    },
    {
        "pk": 178,
        "model": "pylucid.color",
        "fields": {
            "createby": 1,
            "name": "gainsboro",
            "lastupdatetime": "2010-09-16T20:28:15",
            "colorscheme": 7,
            "value": "dddddd",
            "lastupdateby": 1,
            "createtime": "2010-09-16T20:28:15"
        }
    },
    {
        "pk": 211,
        "model": "pylucid.color",
        "fields": {
            "createby": 1,
            "name": "gray",
            "lastupdatetime": "2010-09-16T20:28:15",
            "colorscheme": 7,
            "value": "808080",
            "lastupdateby": 1,
            "createtime": "2010-09-16T20:28:15"
        }
    },
    {
        "pk": 163,
        "model": "pylucid.color",
        "fields": {
            "createby": 1,
            "name": "gray_d14",
            "lastupdatetime": "2010-09-16T20:28:14",
            "colorscheme": 7,
            "value": "888888",
            "lastupdateby": 1,
            "createtime": "2010-09-16T20:28:14"
        }
    },
    {
        "pk": 196,
        "model": "pylucid.color",
        "fields": {
            "createby": 1,
            "name": "gray_d16",
            "lastupdatetime": "2010-09-16T20:28:15",
            "colorscheme": 7,
            "value": "777777",
            "lastupdateby": 1,
            "createtime": "2010-09-16T20:28:15"
        }
    },
    {
        "pk": 160,
        "model": "pylucid.color",
        "fields": {
            "createby": 1,
            "name": "lightgray_d10",
            "lastupdatetime": "2010-09-16T20:28:14",
            "colorscheme": 7,
            "value": "cdcdcd",
            "lastupdateby": 1,
            "createtime": "2010-09-16T20:28:14"
        }
    },
    {
        "pk": 208,
        "model": "pylucid.color",
        "fields": {
            "createby": 1,
            "name": "lightgray_d12",
            "lastupdatetime": "2010-09-16T20:28:15",
            "colorscheme": 7,
            "value": "cccccc",
            "lastupdateby": 1,
            "createtime": "2010-09-16T20:28:15"
        }
    },
    {
        "pk": 214,
        "model": "pylucid.color",
        "fields": {
            "createby": 1,
            "name": "main_color_1",
            "lastupdatetime": "2010-09-16T20:40:33",
            "colorscheme": 7,
            "value": "06b82f",
            "lastupdateby": 1,
            "createtime": "2010-09-16T20:32:20"
        }
    },
    {
        "pk": 202,
        "model": "pylucid.color",
        "fields": {
            "createby": 1,
            "name": "main_color_2",
            "lastupdatetime": "2010-09-16T21:19:53",
            "colorscheme": 7,
            "value": "00330c",
            "lastupdateby": 1,
            "createtime": "2010-09-16T20:28:15"
        }
    },
    {
        "pk": 157,
        "model": "pylucid.color",
        "fields": {
            "createby": 1,
            "name": "main_color_4",
            "lastupdatetime": "2010-09-16T20:40:33",
            "colorscheme": 7,
            "value": "0d8228",
            "lastupdateby": 1,
            "createtime": "2010-09-16T20:28:14"
        }
    },
    {
        "pk": 133,
        "model": "pylucid.color",
        "fields": {
            "createby": 1,
            "name": "main_color_5",
            "lastupdatetime": "2010-09-16T20:35:58",
            "colorscheme": 7,
            "value": "1e7332",
            "lastupdateby": 1,
            "createtime": "2010-09-16T20:28:14"
        }
    },
    {
        "pk": 139,
        "model": "pylucid.color",
        "fields": {
            "createby": 1,
            "name": "main_color_body_background",
            "lastupdatetime": "2010-09-16T20:40:33",
            "colorscheme": 7,
            "value": "b5c9b9",
            "lastupdateby": 1,
            "createtime": "2010-09-16T20:28:14"
        }
    },
    {
        "pk": 220,
        "model": "pylucid.color",
        "fields": {
            "createby": 1,
            "name": "main_color_content_background",
            "lastupdatetime": "2010-09-16T21:09:22",
            "colorscheme": 7,
            "value": "dbffe3",
            "lastupdateby": 1,
            "createtime": "2010-09-16T20:49:06"
        }
    },
    {
        "pk": 223,
        "model": "pylucid.color",
        "fields": {
            "createby": 1,
            "name": "main_color_link_hover",
            "lastupdatetime": "2010-09-24T09:24:36",
            "colorscheme": 7,
            "value": "254725",
            "lastupdateby": 1,
            "createtime": "2010-09-16T21:22:35"
        }
    },
    {
        "pk": 130,
        "model": "pylucid.color",
        "fields": {
            "createby": 1,
            "name": "main_color_link_normal",
            "lastupdatetime": "2010-09-16T21:25:28",
            "colorscheme": 7,
            "value": "35133d",
            "lastupdateby": 1,
            "createtime": "2010-09-16T20:28:14"
        }
    },
    {
        "pk": 226,
        "model": "pylucid.color",
        "fields": {
            "createby": 1,
            "name": "main_color_link_normal2",
            "lastupdatetime": "2010-09-24T09:21:46",
            "colorscheme": 7,
            "value": "2e84ab",
            "lastupdateby": 1,
            "createtime": "2010-09-24T09:21:10"
        }
    },
    {
        "pk": 217,
        "model": "pylucid.color",
        "fields": {
            "createby": 1,
            "name": "main_color_menu_background",
            "lastupdatetime": "2010-09-16T21:09:22",
            "colorscheme": 7,
            "value": "bff5cb",
            "lastupdateby": 1,
            "createtime": "2010-09-16T20:49:05"
        }
    },
    {
        "pk": 193,
        "model": "pylucid.color",
        "fields": {
            "createby": 1,
            "name": "silver_d9",
            "lastupdatetime": "2010-09-16T20:28:15",
            "colorscheme": 7,
            "value": "bbbbbb",
            "lastupdateby": 1,
            "createtime": "2010-09-16T20:28:15"
        }
    },
    {
        "pk": 181,
        "model": "pylucid.color",
        "fields": {
            "createby": 1,
            "name": "white",
            "lastupdatetime": "2010-09-16T20:44:55",
            "colorscheme": 7,
            "value": "ffffff",
            "lastupdateby": 1,
            "createtime": "2010-09-16T20:28:15"
        }
    },
    {
        "pk": 227,
        "model": "pylucid.color",
        "fields": {
            "createby": 1,
            "name": "black",
            "lastupdatetime": "2010-09-24T09:29:26",
            "colorscheme": 8,
            "value": "000000",
            "lastupdateby": 1,
            "createtime": "2010-09-24T09:29:26"
        }
    },
    {
        "pk": 228,
        "model": "pylucid.color",
        "fields": {
            "createby": 1,
            "name": "darkgrey",
            "lastupdatetime": "2010-09-24T09:29:26",
            "colorscheme": 8,
            "value": "aaaaaa",
            "lastupdateby": 1,
            "createtime": "2010-09-24T09:29:26"
        }
    },
    {
        "pk": 229,
        "model": "pylucid.color",
        "fields": {
            "createby": 1,
            "name": "darkgrey_d28",
            "lastupdatetime": "2010-09-24T09:29:26",
            "colorscheme": 8,
            "value": "999999",
            "lastupdateby": 1,
            "createtime": "2010-09-24T09:29:26"
        }
    },
    {
        "pk": 230,
        "model": "pylucid.color",
        "fields": {
            "createby": 1,
            "name": "darkred_d31",
            "lastupdatetime": "2010-09-24T09:29:26",
            "colorscheme": 8,
            "value": "aa0000",
            "lastupdateby": 1,
            "createtime": "2010-09-24T09:29:26"
        }
    },
    {
        "pk": 231,
        "model": "pylucid.color",
        "fields": {
            "createby": 1,
            "name": "darkslategrey_d26",
            "lastupdatetime": "2010-09-24T09:29:26",
            "colorscheme": 8,
            "value": "444444",
            "lastupdateby": 1,
            "createtime": "2010-09-24T09:29:26"
        }
    },
    {
        "pk": 232,
        "model": "pylucid.color",
        "fields": {
            "createby": 1,
            "name": "darkslategrey_d40",
            "lastupdatetime": "2010-09-24T09:29:26",
            "colorscheme": 8,
            "value": "333333",
            "lastupdateby": 1,
            "createtime": "2010-09-24T09:29:26"
        }
    },
    {
        "pk": 233,
        "model": "pylucid.color",
        "fields": {
            "createby": 1,
            "name": "dimgrey_d35",
            "lastupdatetime": "2010-09-24T09:29:26",
            "colorscheme": 8,
            "value": "555555",
            "lastupdateby": 1,
            "createtime": "2010-09-24T09:29:26"
        }
    },
    {
        "pk": 234,
        "model": "pylucid.color",
        "fields": {
            "createby": 1,
            "name": "gainsboro",
            "lastupdatetime": "2010-09-24T09:29:26",
            "colorscheme": 8,
            "value": "dddddd",
            "lastupdateby": 1,
            "createtime": "2010-09-24T09:29:26"
        }
    },
    {
        "pk": 235,
        "model": "pylucid.color",
        "fields": {
            "createby": 1,
            "name": "gray",
            "lastupdatetime": "2010-09-24T09:29:26",
            "colorscheme": 8,
            "value": "808080",
            "lastupdateby": 1,
            "createtime": "2010-09-24T09:29:26"
        }
    },
    {
        "pk": 236,
        "model": "pylucid.color",
        "fields": {
            "createby": 1,
            "name": "gray_d14",
            "lastupdatetime": "2010-09-24T09:29:26",
            "colorscheme": 8,
            "value": "888888",
            "lastupdateby": 1,
            "createtime": "2010-09-24T09:29:26"
        }
    },
    {
        "pk": 237,
        "model": "pylucid.color",
        "fields": {
            "createby": 1,
            "name": "gray_d16",
            "lastupdatetime": "2010-09-24T09:29:26",
            "colorscheme": 8,
            "value": "777777",
            "lastupdateby": 1,
            "createtime": "2010-09-24T09:29:26"
        }
    },
    {
        "pk": 238,
        "model": "pylucid.color",
        "fields": {
            "createby": 1,
            "name": "lightgray_d10",
            "lastupdatetime": "2010-09-24T09:29:26",
            "colorscheme": 8,
            "value": "cdcdcd",
            "lastupdateby": 1,
            "createtime": "2010-09-24T09:29:26"
        }
    },
    {
        "pk": 239,
        "model": "pylucid.color",
        "fields": {
            "createby": 1,
            "name": "lightgray_d12",
            "lastupdatetime": "2010-09-24T09:29:26",
            "colorscheme": 8,
            "value": "cccccc",
            "lastupdateby": 1,
            "createtime": "2010-09-24T09:29:26"
        }
    },
    {
        "pk": 240,
        "model": "pylucid.color",
        "fields": {
            "createby": 1,
            "name": "main_color_1",
            "lastupdatetime": "2010-09-24T09:29:26",
            "colorscheme": 8,
            "value": "f5eea1",
            "lastupdateby": 1,
            "createtime": "2010-09-24T09:29:26"
        }
    },
    {
        "pk": 241,
        "model": "pylucid.color",
        "fields": {
            "createby": 1,
            "name": "main_color_2",
            "lastupdatetime": "2010-09-24T09:29:26",
            "colorscheme": 8,
            "value": "332f00",
            "lastupdateby": 1,
            "createtime": "2010-09-24T09:29:26"
        }
    },
    {
        "pk": 242,
        "model": "pylucid.color",
        "fields": {
            "createby": 1,
            "name": "main_color_4",
            "lastupdatetime": "2010-09-24T09:29:26",
            "colorscheme": 8,
            "value": "F5CD31",
            "lastupdateby": 1,
            "createtime": "2010-09-24T09:29:26"
        }
    },
    {
        "pk": 243,
        "model": "pylucid.color",
        "fields": {
            "createby": 1,
            "name": "main_color_5",
            "lastupdatetime": "2010-09-24T09:29:26",
            "colorscheme": 8,
            "value": "F5CD31",
            "lastupdateby": 1,
            "createtime": "2010-09-24T09:29:26"
        }
    },
    {
        "pk": 244,
        "model": "pylucid.color",
        "fields": {
            "createby": 1,
            "name": "main_color_body_background",
            "lastupdatetime": "2010-09-24T09:29:26",
            "colorscheme": 8,
            "value": "FFE88C",
            "lastupdateby": 1,
            "createtime": "2010-09-24T09:29:26"
        }
    },
    {
        "pk": 245,
        "model": "pylucid.color",
        "fields": {
            "createby": 1,
            "name": "main_color_content_background",
            "lastupdatetime": "2010-09-24T09:29:26",
            "colorscheme": 8,
            "value": "FFF6D2",
            "lastupdateby": 1,
            "createtime": "2010-09-24T09:29:26"
        }
    },
    {
        "pk": 246,
        "model": "pylucid.color",
        "fields": {
            "createby": 1,
            "name": "main_color_link_hover",
            "lastupdatetime": "2010-09-24T09:29:26",
            "colorscheme": 8,
            "value": "F58231",
            "lastupdateby": 1,
            "createtime": "2010-09-24T09:29:26"
        }
    },
    {
        "pk": 247,
        "model": "pylucid.color",
        "fields": {
            "createby": 1,
            "name": "main_color_link_normal",
            "lastupdatetime": "2010-09-24T09:29:26",
            "colorscheme": 8,
            "value": "2E5EAB",
            "lastupdateby": 1,
            "createtime": "2010-09-24T09:29:26"
        }
    },
    {
        "pk": 248,
        "model": "pylucid.color",
        "fields": {
            "createby": 1,
            "name": "main_color_link_normal2",
            "lastupdatetime": "2010-09-24T09:29:26",
            "colorscheme": 8,
            "value": "0e1d33",
            "lastupdateby": 1,
            "createtime": "2010-09-24T09:29:26"
        }
    },
    {
        "pk": 249,
        "model": "pylucid.color",
        "fields": {
            "createby": 1,
            "name": "main_color_menu_background",
            "lastupdatetime": "2010-09-24T09:29:26",
            "colorscheme": 8,
            "value": "ffa666",
            "lastupdateby": 1,
            "createtime": "2010-09-24T09:29:26"
        }
    },
    {
        "pk": 250,
        "model": "pylucid.color",
        "fields": {
            "createby": 1,
            "name": "silver_d9",
            "lastupdatetime": "2010-09-24T09:29:26",
            "colorscheme": 8,
            "value": "bbbbbb",
            "lastupdateby": 1,
            "createtime": "2010-09-24T09:29:26"
        }
    },
    {
        "pk": 251,
        "model": "pylucid.color",
        "fields": {
            "createby": 1,
            "name": "white",
            "lastupdatetime": "2010-09-24T09:29:26",
            "colorscheme": 8,
            "value": "fefefe",
            "lastupdateby": 1,
            "createtime": "2010-09-24T09:29:26"
        }
    },
    {
        "pk": 4,
        "model": "pylucid.editablehtmlheadfile",
        "fields": {
            "mimetype": "text/css",
            "createby": 1,
            "html_attributes": "",
            "lastupdatetime": "2010-09-14T07:27:14",
            "filepath": "initial_site_style/elementary.css",
            "content": "body{\r\n  font-size:0.9em;\r\n  background: {{ background_body }};\r\n  margin: 15px 10% 15px 10%;\r\n}\r\n\r\n#headline {\r\n  background: {{ background_headline }};\r\n  padding: 10px;\r\n  border: 1px solid black;\r\n}\r\n\r\n.main_menu {\r\n  background: {{ background_mainmenu }};\r\n  float: left;\r\n  padding: 15px;\r\n  margin: 10px;\r\n}\r\n.main_menu ul {\r\n  padding: 0;\r\n}\r\n.main_menu ul ul {\r\n  /* indent submenu */\r\n  padding-left: 1.5em;\r\n  font-size:0.9em; /* smaller font for subitems */\r\n}\r\n.main_menu li {\r\n  list-style:none;\r\n}\r\na {\r\n  color: slategray;\r\n  text-decoration: none;\r\n}\r\na:hover, a .current {\r\n  background-color: {{ link_current_background }};\r\n  text-decoration: underline;\r\n}\r\n#main_content {\r\n  background: {{ background_main_content }};\r\n  padding: 5px;\r\n  border: 1px solid black;\r\n}\r\n\r\n#footer {\r\n  border: 1px solid {{ black }};\r\n  padding: 5px;\r\n  font-size: 0.9em;\r\n  text-align: center;\r\n}\r\n\r\n/* ---------------------------------------------------------------------- */\r\ntextarea {\r\n  width: 100%;\r\n}\r\n.back_links, #permalink {\r\n  font-size: 0.8em;\r\n}\r\n#permalink {\r\n  text-align: right;\r\n  padding: 10px;\r\n}\r\n/* ----------------------------------------------------------------------\r\n   Pygments syntax highlighter\r\n---------------------------------------------------------------------- */\r\n.pygments_code, .pygments_code table, .pygments_code .code, .pygments_code pre {\r\n  background: {{ white }};\r\n  padding: 0;\r\n  margin: 0;\r\n}\r\n.pygments_code pre {\r\n border: 1px;\r\n}\r\n.pygments_code .code {\r\n  width: 100%;\r\n}",
            "render": true,
            "lastupdateby": 1,
            "createtime": "2009-11-03T03:37:08",
            "description": "The 'elementary' design. Ideal as a basis for your own design."
        }
    },
    {
        "pk": 7,
        "model": "pylucid.editablehtmlheadfile",
        "fields": {
            "mimetype": "text/css",
            "createby": 1,
            "html_attributes": "",
            "lastupdatetime": "2011-05-17T09:32:13",
            "filepath": "initial_site_style/main.css",
            "content": "body {\r\n  background-color:{{ main_color_body_background }};\r\n}\r\n.container {\r\n  background-color:{{ main_color_content_background }};\r\n  padding: 1em;\r\n  margin: 20px auto;\r\n  border: 4px double {{ main_color_4 }};\r\n  border-radius: 20px;\r\n  box-shadow: #aaa 0px 0px 15px;\r\n  -webkit-box-shadow: #aaa 0px 0px 15px;\r\n}\r\na {\r\n  color: {{ main_color_link_normal }};\r\n  text-decoration: none;\r\n}\r\na:hover {\r\n  text-decoration: underline;\r\n  color: {{ main_color_link_hover }};\r\n}\r\n#float_nav {\r\n  width: 23em;\r\n  float:right;\r\n  background-color:{{ main_color_menu_background }};\r\n  padding: 1em;\r\n  margin: 0 0 1em 1em;\r\n  border: 1px solid {{ main_color_1 }};\r\n  border-radius: 10px;\r\n  box-shadow: #aaa 2px 2px 4px;\r\n  -webkit-box-shadow: #aaa 2px 2px 4px;\r\n}\r\n/* ----------------------------------------------------------------------------\r\n   page messages\r\n------------------------------------------------------------------------------- */\r\n#page_msg {\r\n  margin: 0;\r\n  padding: 0 1em;\r\n}\r\n\r\n#page_msg ul {\r\n  margin: 0;\r\n  padding: 0;\r\n  list-style-type:none;\r\n}\r\n/* ----------------------------------------------------------------------------\r\n   main_menu\r\n------------------------------------------------------------------------------- */\r\n.main_menu *, .main_menu a.current {\r\n  font-size:1em;\r\n  font-family:monospace;\r\n  font-weight: normal;\r\n  text-decoration:none;\r\n  list-style-type:none;\r\n  padding: 0px;\r\n  margin: 0px;\r\n}\r\n.main_menu {\r\n  font-size: 1.5em;\r\n  line-height: 1em;\r\n}\r\n.main_menu a.active {\r\n  color: {{ darkslategrey_d40 }};\r\n  font-weight: bold;\r\n  letter-spacing: 1px;\r\n}\r\n.main_menu a.current {\r\n  color: {{ main_color_2 }};\r\n  background-color: {{ white }};\r\n}\r\n.main_menu a:before {\r\n  letter-spacing: 0px;\r\n  font-weight: bold;\r\n  font-size:1.2em;\r\n  background:{{ main_color_menu_background }};\r\n  content:\"\\0251C  \";\r\n}\r\n.main_menu a.level_1:before { content:\"\\2502 \\0251C  \"; }\r\n.main_menu a.level_2:before { content:\"\\2502 \\2502 \\0251C  \"; }\r\n\r\n.main_menu a.first:before { content:\"\\250c  \"; }\r\n.main_menu a.level_1.first:before { content:\"\\2502 \\250c  \"; }\r\n.main_menu a.level_2.first:before { content:\"\\2502 \\2502 \\250c  \"; }\r\n\r\n.main_menu a.last:before { content:\"\\2514  \"; }\r\n.main_menu a.level_1.last:before { content:\"\\2502 \\2514  \"; }\r\n.main_menu a.level_2.last:before { content:\"\\2502 \\2502 \\2514  \"; }\r\n/* ----------------------------------------------------------------------------\r\n   search\r\n------------------------------------------------------------------------------- */\r\n.PyLucidPlugins.search #search_form input[type=text] {\r\n  width: 17em;\r\n}\r\n.search input, .search button {\r\n  font-size: 0.9em;\r\n}\r\n/* ----------------------------------------------------------------------------\r\n   TOC Plugin\r\n------------------------------------------------------------------------------- */\r\nh3.toc_headline {\r\n  margin: 1em 0 0 0;\r\n}\r\n.PyLucidPlugins.TOC {\r\n  border: 1px solid {{ white }};\r\n  background-color: {{ white }};\r\n  margin: 3em;\r\n  padding: 1em 0em 1em 0em;\r\n}\r\n.PyLucidPlugins.TOC h3 {\r\n  margin: 0em;\r\n  color: {{ darkslategrey_d40 }};\r\n}\r\n.PyLucidPlugins.TOC * {\r\n  margin: 0em;\r\n  color: {{ gainsboro }};\r\ntext-decoration:none;\r\n}\r\n.PyLucidPlugins.TOC a {\r\n  color: {{ gray_d16 }};\r\n}\r\n.PyLucidPlugins.TOC a:hover {\r\n  color: {{ darkred_d31 }};\r\n}\r\n/* ----------------------------------------------------------------------------\r\n   Pygments source code\r\n------------------------------------------------------------------------------- */\r\nfieldset.pygments_code, fieldset.pygments_code * {\r\n  padding: 0;\r\n  margin: 0;\r\n  vertical-align:top;\r\n}\r\nfieldset.pygments_code, legend.pygments_code {\r\n  background: {{ white }};\r\n  border: 1px solid {{ lightgray_d10 }};\r\n}\r\nfieldset.pygments_code {\r\n  padding: 5px;\r\n}\r\nlegend.pygments_code {\r\n  font-size: 0.8em;\r\n  color: {{ darkslategrey_d26 }};\r\n  padding: 0px 5px 0px 5px;\r\n  margin-left: 10px;\r\n}\r\n.pygments_code .linenos {\r\n  background: {{ white }};\r\n  color: {{ darkgrey_d28 }};\r\n  padding: 0 5px 0 5px;\r\n}\r\n.pygments_code .code {\r\n  width: 100%;\r\n}\r\n.pygments_code .code pre {\r\n  width: 730px;\r\n  overflow:auto;\r\n}\r\n/*.pygments_code .code pre:hover {\r\n  width: 100%;\r\n  overflow:show;\r\n}*/\r\n/* ----------------------------------------------------------------------------\r\n   button links (edit/delete, retweer etc.)\r\n------------------------------------------------------------------------------- */\r\n.button_links a, .admin_links a {\r\n  text-decoration:none;\r\n  padding: 2px 5px 2px 5px;\r\n  border-radius: 3px;\r\n  -moz-border-radius: 3px;\r\n  background: -webkit-gradient(linear, left top, left bottom, from(#ffffff), to(#dddddd));\r\n  background: -moz-linear-gradient(top, #ffffff, #dddddd);  \r\n  border: 1px solid {{ silver_d9 }};\r\n}\r\n.button_links a:hover, .admin_links a:hover {\r\n  text-decoration:underline;\r\n  text-shadow:1px 2px 2px {{ gray_d14 }};\r\n}\r\n/* ----------------------------------------------------------------------------\r\n   Update journal\r\n------------------------------------------------------------------------------- */\r\n.PyLucidPlugins.update_journal * {\r\n   white-space:nowrap;\r\n}\r\n.PyLucidPlugins.update_journal small {\r\n   color: {{ darkgrey_d28 }};\r\n}\r\n.PyLucidPlugins.update_journal .update_time {\r\n   color: {{ gray_d16 }};\r\n}\r\n.PyLucidPlugins.update_journal .update_title * {\r\n   white-space:normal;\r\n}\r\n/* ----------------------------------------------------------------------------\r\n   Headline Anchor\r\n------------------------------------------------------------------------------- */\r\n.top_link {\r\n  color: {{ black }};\r\n}\r\n.top_link .uarr {\r\n  color: {{ white }};\r\n}\r\na.top_link {\r\n  text-decoration:none;\r\n}\r\n.top_link:hover .uarr {\r\n  color: {{ black }};\r\n}\r\n.section_anchor {\r\n  text-shadow: 0px 0px {{ white }};\r\n  text-decoration:none;\r\n  color: {{ white }};\r\n  padding-right: 1em;\r\n}\r\n.headline_anchor:hover .section_anchor {\r\n  color: {{ darkgrey_d28 }};\r\n}\r\n.section_anchor:hover {\r\n  color:#000000!important;\r\n  text-decoration:underline;\r\n  text-shadow: 2px 2px 2px {{ darkgrey_d28 }};\r\n}\r\n/* ----------------------------------------------------------------------------\r\n   User comments\r\n------------------------------------------------------------------------------- */\r\n.PyLucidPlugins.pylucid_comments {\r\n    padding: 3em 0 3em 0;\r\n}\r\n/* ----------------------------------------------------------------------------\r\n   permalink\r\n------------------------------------------------------------------------------- */\r\n#permalink * {\r\n  color: {{ gray }};\r\n  padding: 0px;\r\n  margin: 0px;\r\n}\r\n#permalink {\r\n  font-size: 0.8em;\r\n  text-align: center;\r\n}\r\n#permalink a {\r\n  background-color: inherit;\r\n  text-decoration: none;\r\n}\r\n#permalink a:hover {\r\n  text-shadow:1px 1px 1px {{ gray_d14 }};\r\n}\r\n/* ----------------------------------------------------------------------------\r\n   footer\r\n------------------------------------------------------------------------------- */\r\n.footer {\r\n  text-align:center;\r\n  border-top: 1px solid {{ white }};\r\n}\r\n.footer, .footer * {\r\n  color: {{ gainsboro }};\r\n}\r\n/* ----------------------------------------------------------------------------\r\n   lexicon\r\n------------------------------------------------------------------------------- */\r\n.PyLucidPlugins.lexicon dt {\r\n  padding-top: 1.5em;\r\n}\r\n.PyLucidPlugins.lexicon dd {\r\n  padding-top: 0.2em;\r\n}\r\na.PyLucidPlugins.lexicon {\r\n  color: {{ main_color_link_normal2 }};\r\n  border-bottom: 1px dotted {{ lightgray_d12 }};\r\n  font-weight: normal;\r\n  text-shadow: 1px 1px 1px {{ white }};\r\n}\r\na.PyLucidPlugins.lexicon:hover {\r\n  color:{{ darkred_d31 }};\r\n  font-weight: normal;\r\n  text-decoration:underline;\r\n  border-bottom: 0px;\r\n  text-shadow: 2px 2px 2px {{ darkgrey }};\r\n}\r\n.PyLucidPlugins.lexicon .admin_links {\r\n  float: right;\r\n}\r\n.PyLucidPlugins.lexicon .admin_links a {\r\n  font-weight: normal;\r\n}\r\n.PyLucidPlugins.lexicon.openinwindow {\r\n  cursor:help;\r\n}\r\n/* ----------------------------------------------------------------------------\r\n   tag navigation\r\n------------------------------------------------------------------------------- */\r\n#tag_navi_lucidTag {\r\n  font-size:0.8em;\r\n}\r\n/* ----------------------------------------------------------------------------\r\n   internal\r\n------------------------------------------------------------------------------- */\r\ntextarea {\r\n  /* all text areas should use the full width */\r\n  width: 100%;\r\n}\r\n.PyLucidPlugins.SiteMap p.deep_1 {\r\n  border-bottom: 2px solid {{ darkred_d31 }};\r\n}\r\n/* ----------------------------------------------------------------------------\r\n   RSS feeds included in the page\r\n------------------------------------------------------------------------------- */\r\n.PyLucidPlugins.rss h1 {\r\n  font-size: 1.1em;\r\n  padding: 1.5em 0em 0em 0em;\r\n}\r\n.PyLucidPlugins.rss * {\r\n  line-height: 1.2em;\r\n}\r\n.PyLucidPlugins.rss ul {\r\n  list-style:none;\r\n  padding: 0px;\r\n}\r\n/* ----------------------------------------------------------------------------\r\n   PyLucid blog plugin\r\n------------------------------------------------------------------------------- */\r\n.PyLucidPlugins.blog fieldset {\r\n  border: 0px;\r\n  border-top: 2px solid {{ lightgray_d12 }};\r\n  padding: 0em 0em 2.5em 1em;\r\n  margin: 2.5em 0em 0em 0em;\r\n}\r\n.PyLucidPlugins.blog legend {\r\n  padding: 0em 0.3em 0em 0.3em;\r\n}\r\n.PyLucidPlugins.blog .tag_cloud {\r\n  font-size: 0.7em;\r\n}\r\n.PyLucidPlugins.blog .headline {\r\n  font-size: 1.6em;\r\n  line-height: 0.7em;\r\n}\r\n.PyLucidPlugins.blog .headline_info {\r\n  font-size: 0.45em;\r\n  color: {{ dimgrey_d35 }};\r\n}\r\n/* ----------------------------------------------------------------------------\r\n   PyLucid language plugin\r\n------------------------------------------------------------------------------- */\r\n.PyLucidPlugins.language * {\r\n  color: {{ gray_d16 }};\r\n  display: inline;\r\n  padding: 0em;\r\n  margin: 0em;\r\n}\r\n.PyLucidPlugins.language {\r\n  border: 1px solid {{ gainsboro }};\r\n  background-color: {{ white }};\r\n  padding: 1px;\r\n  margin: 3px;\r\n}\r\n.PyLucidPlugins.language:hover {\r\n  border-color: {{ main_color_4 }};\r\n}\r\n.PyLucidPlugins.language:hover * {\r\n  color: {{ black }};\r\n}\r\n.PyLucidPlugins.language li a:hover {\r\n  color: {{ main_color_4 }};\r\n}\r\n.PyLucidPlugins.language li {\r\n  border-right: 2px solid {{ darkgrey }};\r\n  padding: 0em 0.2em 0em 0.4em;\r\n}\r\n.PyLucidPlugins.language li:last-child {\r\n  border: 0px;\r\n}\r\n",
            "render": true,
            "lastupdateby": 1,
            "createtime": "2010-09-16T19:58:13",
            "description": "for new blueprint designs"
        }
    },
    {
        "pk": 3,
        "model": "pylucid.editablehtmlheadfile",
        "fields": {
            "mimetype": "text/css",
            "createby": 1,
            "html_attributes": "",
            "lastupdatetime": "2010-09-14T07:47:46",
            "filepath": "initial_site_style/small_dark.css",
            "content": "head {\r\n  width: 639px;\r\n}\r\n* {\r\n  color: {{ text }};\r\n  font-family:sans-serif;\r\n  font-size:0.95em;\r\n}\r\n\r\na {\r\n   text-decoration:none;\r\n   color: {{ link_normal }};\r\n}\r\na:hover {\r\n   color: {{ link_hover }}; \r\n}\r\na img, img {\r\n  border: 0;\r\n  padding: 0px;\r\n  margin: 0px;\r\n}\r\n\r\nbody {\r\n  background-color: {{ background_body }};\r\n  text-align:center;\r\n}\r\n\r\n#content {\r\n  width: 639px;\r\n  margin:auto;\r\n  text-align:left;\r\n}\r\n\r\n#head {\r\n  font-size: 2em;\r\n  margin: 0.5em;\r\n  padding-left: 1.5em;\r\n  color: {{ headline }};\r\n}\r\nh1, h2 {\r\n  text-transform:uppercase;\r\n  font-size:0.95em;\r\n  color: {{ white }};\r\n}\r\nh2 {\r\n  border-bottom: 1px solid {{ text }};\r\n}\r\n\r\nhr {\r\n  clear: both;\r\n  border-width:1px;\r\n  height:1px;\r\n  padding: 0px;\r\n  margin: 2px 0px 2px 0px;\r\n}\r\nhr.big {\r\n  border-width: 3px;\r\n  height:3px;\r\n  border-style: solid\r\n}\r\nhr.small {\r\n  border-style:dotted;\r\n}\r\n\r\n#footer {\r\n  font-size:0.9em;\r\n  text-align:center;\r\n}\r\n\r\n/* ---------------------------------------------------------------------- */\r\ntextarea {\r\n  width: 100%;\r\n}\r\n.back_links, #permalink {\r\n  font-size: 0.8em;\r\n}\r\n#permalink {\r\n  text-align: right;\r\n  padding: 10px;\r\n}\r\n/* ---------------------------------------------------------------------- */\r\n#sf_main_menu_lucidTag .sf-menu * {\r\n    background-color: {{ main_menu_background }};\r\n    color: {{ text }};\r\n}\r\n#sf_main_menu_lucidTag .current, #sf_main_menu_lucidTag .active, #sf_main_menu_lucidTag a:hover {\r\n    background-color: {{ main_menu_current }};\r\n    color: {{ white }};\r\n}",
            "render": true,
            "lastupdateby": 1,
            "createtime": "2009-11-03T03:37:08",
            "description": "The 'small dark' design."
        }
    },
    {
        "pk": 5,
        "model": "pylucid.editablehtmlheadfile",
        "fields": {
            "mimetype": "text/css",
            "createby": 1,
            "html_attributes": "",
            "lastupdatetime": "2010-09-14T08:06:53",
            "filepath": "initial_site_style/small_white.css",
            "content": "/* andreas01 - an open source xhtml/css website layout \r\n * by Andreas Viklund  - http://andreasviklund.com -\r\n * Free to use for any purpose as long as the proper \r\n * credits are given to the original author.\r\n *  \r\n * Version: 2.0 (Jun 25, 2006)\r\n * Screen layout: \r\n */\r\n\r\n/***** Body and main container *****/\r\nbody {\r\n   margin:0 auto;\r\n   padding:0;\r\n   font:76% Verdana,Tahoma,Arial,sans-serif;\r\n   background:{{ grey_white_5 }};\r\n   color:{{ grey_dark_1 }};\r\n}\r\n\r\n#wrap {\r\n   background:{{ white }};\r\n   color:{{ grey_dark_1 }};\r\n   margin:0 auto;\r\n   width:760px;\r\n}\r\n\r\n/***** Various tags *****/\r\na {\r\n   text-decoration:none;\r\n   font-weight:bold;\r\n   color:{{ link_normal }};\r\n   background-color:inherit;\r\n}\r\na:hover {\r\n   text-decoration:underline;\r\n   color: {{ link_hover }};\r\n   background-color:inherit;\r\n}\r\na img {\r\n   border:0;\r\n}\r\n\r\n/***** Header *****/\r\n#header {\r\n   background-color:{{ grey_white_3 }};\r\n   margin:10px 0 0;\r\n   padding:0;\r\n   height:45px;\r\n}\r\n#header h1 {\r\n   color:{{ grey_dark_2 }};\r\n   background-color:inherit;\r\n   width:250px;\r\n   margin:0 0 10px;\r\n   font-size:2.2em;\r\n   float:left;\r\n}\r\n#header h1 a{\r\n   color:{{ grey_dark_2 }};\r\n   background-color:inherit;\r\n   text-decoration:none;\r\n}\r\n#header p {\r\n   width:500px;\r\n   float:right;\r\n   text-align:center;\r\n   color:{{ grey_dark_2 }};\r\n   margin:8px 0 0;\r\n   font-size:1.1em;\r\n   font-weight:bold;\r\n   line-height:1.3em;\r\n   background-color:inherit;\r\n}\r\n\r\n#frontphoto {\r\n   margin:0 0 10px;\r\n   border:0;\r\n}\r\n\r\n/***** Main menu *****/\r\n.main_menu ul {\r\n   width:140px;\r\n   margin:0 0 18px;\r\n   padding:0;\r\n   list-style:none;\r\n}\r\n.main_menu li {\r\n   width:140px;\r\n   padding:0;\r\n   line-height:1.4em;\r\n   display:inline;\r\n}\r\n.main_menu li a {\r\n   background-color:{{ grey_white_1 }};\r\n   color:{{ grey_dark_2 }};\r\n   font-weight:bold;\r\n   width:130px;\r\n   float:left;\r\n   margin-bottom:5px;\r\n   padding:5px 1px 5px 5px;\r\n   border-left:4px solid {{ grey_dark_4 }};\r\n   text-decoration:none;\r\n}\r\n.main_menu li a:hover {\r\n   background-color:{{ grey_white_3 }};\r\n   border-left:4px solid {{ link_normal }};\r\n}\r\n.main_menu li a.active {\r\n   background-color:{{ grey_white_5 }};\r\n}\r\n.main_menu li a.current {\r\n   background-color:{{ grey_white_5 }};\r\n   color:{{ link_current }};\r\n}\r\n.main_menu ul {\r\n   margin:0 0 0 15px;\r\n   padding:0 0 5px 0;\r\n   font-size:0.9em;\r\n   width:125px;\r\n}\r\n.main_menu ul a {\r\n   padding:3px 1px 3px 5px;\r\n   width:115px;\r\n}\r\n.main_menu ul ul {\r\n   width:113px;\r\n}\r\n.main_menu ul ul a {\r\n   width:100px;\r\n}\r\n\r\n/***** Left sidebar *****/\r\n#leftside {\r\n   clear:left;\r\n   float:left;\r\n   width:140px;\r\n   margin:0 0 5px;\r\n   padding:0;\r\n}\r\n#leftside h2, #leftside h3 {\r\n   color:{{ grey_dark_2 }};\r\n   background-color:inherit;\r\n   font-size:1.3em;\r\n   margin:0 0 5px;\r\n   padding:0;\r\n}\r\n#leftside div.announce {\r\n   clear:left;\r\n   margin:10px 0 15px;\r\n   padding:7px 5px;\r\n   width:126px;\r\n   font-size:0.9em;\r\n   background-color:{{ grey_white_1 }};\r\n   color:{{ grey_dark_2 }};\r\n   border-left:4px solid {{ grey_dark_4 }};\r\n   line-height:1.5em;\r\n}\r\n#leftside div.announce p {\r\n   margin:10px 0 0;\r\n   padding:0;\r\n}\r\n\r\n/***** Right sidebar *****/\r\n\r\n#rightside {\r\n   float:right;\r\n   width:140px;\r\n   margin:0 0 5px;\r\n   padding:0;\r\n   line-height:1.4em;\r\n}\r\n\r\n#extras p,#extras ul {\r\n   font-size:0.9em;\r\n   margin:0 0 16px;\r\n   padding:0;\r\n}\r\n#extras li {\r\n   list-style:none;\r\n   line-height:1.2em;\r\n   margin:0 0 6px 0;\r\n   padding:0;\r\n}\r\n#extras ul ul {\r\n   margin:6px 0 0 10px;\r\n   padding:0;\r\n}\r\n#extras ul ul li {\r\n   margin: 0 0 4px 0;\r\n}\r\n#extras ul ul li a {\r\n   font-size:1.1em;\r\n   font-weight:normal;\r\n}\r\n#extras h2, #extras h3 {\r\n   color:{{ grey_dark_2 }};\r\n   background-color:inherit;\r\n   font-size:1.2em;\r\n   margin:0 0 10px;\r\n   padding:0;\r\n}\r\n\r\n/***** Main content *****/\r\n#content {\r\n   margin:0 200px 5px 200px;\r\n   border-left:1px solid {{ grey_white_4 }};\r\n   border-right:1px solid {{ grey_white_4 }};\r\n   padding:0 10px;\r\n   line-height:1.6em;\r\n}\r\n#contentwide {\r\n   margin:0 0 5px 200px;\r\n   border-left:1px solid {{ grey_white_2 }};\r\n   padding:0 0 0 10px;\r\n   line-height:1.6em;\r\n}\r\n#content h2,#contentwide h2 {\r\n   font-size:1.6em;\r\n   margin:0 0 10px;\r\n}\r\n#content h3,#contentwide h3 {\r\n   font-size:1.4em;\r\n   margin:0 0 8px;\r\n}\r\n#content img.normal, #contentwide img.normal {\r\n   padding:1px;\r\n   display:inline;\r\n   background:{{ grey_dark_4 }};\r\n   color:{{ grey_dark_1 }};\r\n   border:4px solid {{ grey_white_2 }};\r\n}\r\n#content ul, #contentwide ul, #content ol, #contentwide ol {\r\n   margin:0 0 16px 20px;\r\n   padding:0;\r\n}\r\n#content li, #contentwide li {\r\n   margin:0;\r\n   padding:0 0 0 5px;\r\n}\r\n#content ul ul, #contentwide ul ul, #content ol ol, #contentwide ol ol{\r\n   margin:0 0 0 16px;\r\n   padding:0;\r\n}\r\n\r\n/***** Footer *****/\r\n#footer {\r\n   clear:both;\r\n   margin:0 auto;\r\n   padding:10px 0 20px;\r\n   border-top:4px solid {{ grey_white_2 }};\r\n   width:760px;\r\n   text-align:center;\r\n   color:{{ grey_dark_3 }};\r\n   background:{{ white }};\r\n   font-size:0.9em;\r\n}\r\n#footer a {\r\n   color:{{ grey_dark_3 }};\r\n   background-color:inherit;\r\n   text-decoration:none;\r\n}\r\n#footer a:hover {\r\n   text-decoration:underline;\r\n}\r\n\r\n/***** Various classes *****/\r\n.left {\r\n   margin:3px 10px 2px 0;\r\n   float:left;\r\n}\r\n.right {\r\n   margin:2px 0 2px 10px;\r\n   float:right;\r\n}\r\n\r\n.textright {\r\n   text-align:right;\r\n}\r\n\r\n.center {\r\n   text-align:center;\r\n}\r\n\r\n.small {\r\n   font-size:0.8em;\r\n}\r\n\r\n.bold {\r\n   font-weight:bold;\r\n}\r\n\r\n.hide {\r\n   display:none;\r\n}",
            "render": true,
            "lastupdateby": 1,
            "createtime": "2009-11-03T03:37:08",
            "description": "The 'small white' design."
        }
    },
    {
        "pk": 6,
        "model": "pylucid.editablehtmlheadfile",
        "fields": {
            "mimetype": "text/css",
            "createby": 1,
            "html_attributes": "",
            "lastupdatetime": "2010-09-16T21:38:04",
            "filepath": "pygments.css",
            "content": ".pygments  { background: #ffffff; }\r\n.pygments .c { color: #808080 } /* Comment */\r\n.pygments .err { color: #F00000; background-color: #F0A0A0 } /* Error */\r\n.pygments .k { color: #008000; font-weight: bold } /* Keyword */\r\n.pygments .o { color: #303030 } /* Operator */\r\n.pygments .cm { color: #808080 } /* Comment.Multiline */\r\n.pygments .cp { color: #507090 } /* Comment.Preproc */\r\n.pygments .c1 { color: #808080 } /* Comment.Single */\r\n.pygments .cs { color: #cc0000; font-weight: bold } /* Comment.Special */\r\n.pygments .gd { color: #A00000 } /* Generic.Deleted */\r\n.pygments .ge { font-style: italic } /* Generic.Emph */\r\n.pygments .gr { color: #FF0000 } /* Generic.Error */\r\n.pygments .gh { color: #000080; font-weight: bold } /* Generic.Heading */\r\n.pygments .gi { color: #00A000 } /* Generic.Inserted */\r\n.pygments .go { color: #808080 } /* Generic.Output */\r\n.pygments .gp { color: #c65d09; font-weight: bold } /* Generic.Prompt */\r\n.pygments .gs { font-weight: bold } /* Generic.Strong */\r\n.pygments .gu { color: #800080; font-weight: bold } /* Generic.Subheading */\r\n.pygments .gt { color: #0040D0 } /* Generic.Traceback */\r\n.pygments .kc { color: #008000; font-weight: bold } /* Keyword.Constant */\r\n.pygments .kd { color: #008000; font-weight: bold } /* Keyword.Declaration */\r\n.pygments .kp { color: #003080; font-weight: bold } /* Keyword.Pseudo */\r\n.pygments .kr { color: #008000; font-weight: bold } /* Keyword.Reserved */\r\n.pygments .kt { color: #303090; font-weight: bold } /* Keyword.Type */\r\n.pygments .m { color: #6000E0; font-weight: bold } /* Literal.Number */\r\n.pygments .s { background-color: #fff0f0 } /* Literal.String */\r\n.pygments .na { color: #0000C0 } /* Name.Attribute */\r\n.pygments .nb { color: #007020 } /* Name.Builtin */\r\n.pygments .nc { color: #B00060; font-weight: bold } /* Name.Class */\r\n.pygments .no { color: #003060; font-weight: bold } /* Name.Constant */\r\n.pygments .nd { color: #505050; font-weight: bold } /* Name.Decorator */\r\n.pygments .ni { color: #800000; font-weight: bold } /* Name.Entity */\r\n.pygments .ne { color: #F00000; font-weight: bold } /* Name.Exception */\r\n.pygments .nf { color: #0060B0; font-weight: bold } /* Name.Function */\r\n.pygments .nl { color: #907000; font-weight: bold } /* Name.Label */\r\n.pygments .nn { color: #0e84b5; font-weight: bold } /* Name.Namespace */\r\n.pygments .nt { color: #007000 } /* Name.Tag */\r\n.pygments .nv { color: #906030 } /* Name.Variable */\r\n.pygments .ow { color: #000000; font-weight: bold } /* Operator.Word */\r\n.pygments .w { color: #bbbbbb } /* Text.Whitespace */\r\n.pygments .mf { color: #6000E0; font-weight: bold } /* Literal.Number.Float */\r\n.pygments .mh { color: #005080; font-weight: bold } /* Literal.Number.Hex */\r\n.pygments .mi { color: #0000D0; font-weight: bold } /* Literal.Number.Integer */\r\n.pygments .mo { color: #4000E0; font-weight: bold } /* Literal.Number.Oct */\r\n.pygments .sb { background-color: #fff0f0 } /* Literal.String.Backtick */\r\n.pygments .sc { color: #0040D0 } /* Literal.String.Char */\r\n.pygments .sd { color: #D04020 } /* Literal.String.Doc */\r\n.pygments .s2 { background-color: #fff0f0 } /* Literal.String.Double */\r\n.pygments .se { color: #606060; font-weight: bold; background-color: #fff0f0 } /* Literal.String.Escape */\r\n.pygments .sh { background-color: #fff0f0 } /* Literal.String.Heredoc */\r\n.pygments .si { background-color: #e0e0e0 } /* Literal.String.Interpol */\r\n.pygments .sx { color: #D02000; background-color: #fff0f0 } /* Literal.String.Other */\r\n.pygments .sr { color: #000000; background-color: #fff0ff } /* Literal.String.Regex */\r\n.pygments .s1 { background-color: #fff0f0 } /* Literal.String.Single */\r\n.pygments .ss { color: #A06000 } /* Literal.String.Symbol */\r\n.pygments .bp { color: #007020 } /* Name.Builtin.Pseudo */\r\n.pygments .vc { color: #306090 } /* Name.Variable.Class */\r\n.pygments .vg { color: #d07000; font-weight: bold } /* Name.Variable.Global */\r\n.pygments .vi { color: #3030B0 } /* Name.Variable.Instance */\r\n.pygments .il { color: #0000D0; font-weight: bold } /* Literal.Number.Integer.Long */",
            "render": false,
            "lastupdateby": 1,
            "createtime": "2009-11-03T03:41:06",
            "description": "Pygments colors\r\n(should not rendered with a colorscheme, because it has many colors)"
        }
    },
    {
        "pk": 4,
        "model": "pylucid.design",
        "fields": {
            "createby": 1,
            "name": "elementary",
            "lastupdatetime": "2010-01-29T08:00:49",
            "colorscheme": 4,
            "sites": [
                1
            ],
            "headfiles": [
                4,
                6
            ],
            "template": "initial_site_template/elementary.html",
            "lastupdateby": 1,
            "createtime": "2009-11-03T03:37:18"
        }
    },
    {
        "pk": 1,
        "model": "pylucid.design",
        "fields": {
            "createby": 1,
            "name": "main yellow",
            "lastupdatetime": "2010-09-16T20:29:08",
            "colorscheme": 1,
            "sites": [
                1
            ],
            "headfiles": [
                7,
                6
            ],
            "template": "initial_site_template/main.html",
            "lastupdateby": 1,
            "createtime": "2009-11-03T03:37:09"
        }
    },
    {
        "pk": 7,
        "model": "pylucid.design",
        "fields": {
            "createby": 1,
            "name": "main blue",
            "lastupdatetime": "2010-09-16T20:24:05",
            "colorscheme": 6,
            "sites": [
                1
            ],
            "headfiles": [
                7,
                6
            ],
            "template": "initial_site_template/main.html",
            "lastupdateby": 1,
            "createtime": "2010-08-31T14:17:28"
        }
    },
    {
        "pk": 8,
        "model": "pylucid.design",
        "fields": {
            "createby": 1,
            "name": "main green",
            "lastupdatetime": "2010-09-16T20:23:54",
            "colorscheme": 7,
            "sites": [
                1
            ],
            "headfiles": [
                7,
                6
            ],
            "template": "initial_site_template/main.html",
            "lastupdateby": 1,
            "createtime": "2010-09-14T07:29:27"
        }
    },
    {
        "pk": 9,
        "model": "pylucid.design",
        "fields": {
            "createby": 1,
            "name": "main yellow pop",
            "lastupdatetime": "2010-09-24T09:31:57",
            "colorscheme": 8,
            "sites": [
                1
            ],
            "headfiles": [
                7,
                6
            ],
            "template": "initial_site_template/main.html",
            "lastupdateby": 1,
            "createtime": "2010-09-24T09:31:57"
        }
    },
    {
        "pk": 2,
        "model": "pylucid.design",
        "fields": {
            "createby": 1,
            "name": "small dark",
            "lastupdatetime": "2010-09-14T07:35:00",
            "colorscheme": 2,
            "sites": [
                1
            ],
            "headfiles": [
                3,
                6
            ],
            "template": "initial_site_template/small_dark.html",
            "lastupdateby": 1,
            "createtime": "2009-11-03T03:37:16"
        }
    },
    {
        "pk": 5,
        "model": "pylucid.design",
        "fields": {
            "createby": 1,
            "name": "small white",
            "lastupdatetime": "2010-09-14T07:35:04",
            "colorscheme": 5,
            "sites": [
                1
            ],
            "headfiles": [
                5,
                6
            ],
            "template": "initial_site_template/small_white.html",
            "lastupdateby": 1,
            "createtime": "2009-11-03T03:37:20"
        }
    },
    {
        "pk": 6,
        "model": "pylucid.design",
        "fields": {
            "createby": 1,
            "name": "PyLucid Admin",
            "lastupdatetime": "2009-11-03T03:40:59",
            "colorscheme": null,
            "sites": [
                1
            ],
            "headfiles": [],
            "template": "pylucid_admin/menu.html",
            "lastupdateby": 1,
            "createtime": "2009-11-03T03:40:59"
        }
    },
    {
        "pk": 1,
        "model": "pylucid.pagetree",
        "fields": {
            "createby": 1,
            "parent": null,
            "lastupdatetime": "2010-03-26T15:48:39",
            "showlinks": true,
            "permitViewGroup": null,
            "site": 1,
            "slug": "welcome",
            "design": 1,
            "page_type": "C",
            "position": -7,
            "lastupdateby": 1,
            "createtime": "2009-11-03T03:37:09",
            "permitEditGroup": null
        }
    },
    {
        "pk": 20,
        "model": "pylucid.pagetree",
        "fields": {
            "createby": 1,
            "parent": 1,
            "lastupdatetime": "2010-03-26T15:21:15",
            "showlinks": false,
            "permitViewGroup": null,
            "site": 1,
            "slug": "feeds",
            "design": 1,
            "page_type": "P",
            "position": 5,
            "lastupdateby": 1,
            "createtime": "2010-03-26T14:37:18",
            "permitEditGroup": null
        }
    },
    {
        "pk": 18,
        "model": "pylucid.pagetree",
        "fields": {
            "createby": 1,
            "parent": null,
            "lastupdatetime": "2010-03-26T15:48:39",
            "showlinks": true,
            "permitViewGroup": null,
            "site": 1,
            "slug": "blog",
            "design": 1,
            "page_type": "P",
            "position": -4,
            "lastupdateby": 1,
            "createtime": "2010-01-29T07:58:50",
            "permitEditGroup": null
        }
    },
    {
        "pk": 2,
        "model": "pylucid.pagetree",
        "fields": {
            "createby": 1,
            "parent": null,
            "lastupdatetime": "2010-03-26T15:48:39",
            "showlinks": true,
            "permitViewGroup": null,
            "site": 1,
            "slug": "example-pages",
            "design": 1,
            "page_type": "C",
            "position": 0,
            "lastupdateby": 1,
            "createtime": "2009-11-03T03:37:10",
            "permitEditGroup": null
        }
    },
    {
        "pk": 6,
        "model": "pylucid.pagetree",
        "fields": {
            "createby": 1,
            "parent": 2,
            "lastupdatetime": "2009-11-03T03:37:13",
            "showlinks": true,
            "permitViewGroup": null,
            "site": 1,
            "slug": "RSS",
            "design": 1,
            "page_type": "C",
            "position": 0,
            "lastupdateby": 1,
            "createtime": "2009-11-03T03:37:13",
            "permitEditGroup": null
        }
    },
    {
        "pk": 7,
        "model": "pylucid.pagetree",
        "fields": {
            "createby": 1,
            "parent": 2,
            "lastupdatetime": "2010-01-29T08:06:24",
            "showlinks": true,
            "permitViewGroup": null,
            "site": 1,
            "slug": "SourceCode",
            "design": 1,
            "page_type": "C",
            "position": 0,
            "lastupdateby": 1,
            "createtime": "2009-11-03T03:37:14",
            "permitEditGroup": null
        }
    },
    {
        "pk": 8,
        "model": "pylucid.pagetree",
        "fields": {
            "createby": 1,
            "parent": 2,
            "lastupdatetime": "2010-01-29T08:20:01",
            "showlinks": true,
            "permitViewGroup": null,
            "site": 1,
            "slug": "markups",
            "design": 1,
            "page_type": "C",
            "position": 0,
            "lastupdateby": 1,
            "createtime": "2009-11-03T03:37:15",
            "permitEditGroup": null
        }
    },
    {
        "pk": 17,
        "model": "pylucid.pagetree",
        "fields": {
            "createby": 1,
            "parent": 8,
            "lastupdatetime": "2009-11-03T03:37:24",
            "showlinks": true,
            "permitViewGroup": null,
            "site": 1,
            "slug": "creole",
            "design": 1,
            "page_type": "C",
            "position": -8,
            "lastupdateby": 1,
            "createtime": "2009-11-03T03:37:24",
            "permitEditGroup": null
        }
    },
    {
        "pk": 13,
        "model": "pylucid.pagetree",
        "fields": {
            "createby": 1,
            "parent": 8,
            "lastupdatetime": "2009-11-03T03:37:21",
            "showlinks": true,
            "permitViewGroup": null,
            "site": 1,
            "slug": "tinyTextile",
            "design": 1,
            "page_type": "C",
            "position": -4,
            "lastupdateby": 1,
            "createtime": "2009-11-03T03:37:21",
            "permitEditGroup": null
        }
    },
    {
        "pk": 14,
        "model": "pylucid.pagetree",
        "fields": {
            "createby": 1,
            "parent": 8,
            "lastupdatetime": "2010-01-29T08:20:01",
            "showlinks": true,
            "permitViewGroup": null,
            "site": 1,
            "slug": "textile-original",
            "design": 1,
            "page_type": "C",
            "position": -3,
            "lastupdateby": 1,
            "createtime": "2009-11-03T03:37:22",
            "permitEditGroup": null
        }
    },
    {
        "pk": 15,
        "model": "pylucid.pagetree",
        "fields": {
            "createby": 1,
            "parent": 8,
            "lastupdatetime": "2010-01-29T08:20:01",
            "showlinks": true,
            "permitViewGroup": null,
            "site": 1,
            "slug": "markdown",
            "design": 1,
            "page_type": "C",
            "position": 0,
            "lastupdateby": 1,
            "createtime": "2009-11-03T03:37:23",
            "permitEditGroup": null
        }
    },
    {
        "pk": 16,
        "model": "pylucid.pagetree",
        "fields": {
            "createby": 1,
            "parent": 8,
            "lastupdatetime": "2010-01-29T08:20:01",
            "showlinks": true,
            "permitViewGroup": null,
            "site": 1,
            "slug": "ReSt",
            "design": 1,
            "page_type": "C",
            "position": 0,
            "lastupdateby": 1,
            "createtime": "2009-11-03T03:37:23",
            "permitEditGroup": null
        }
    },
    {
        "pk": 3,
        "model": "pylucid.pagetree",
        "fields": {
            "createby": 1,
            "parent": null,
            "lastupdatetime": "2010-03-26T15:48:39",
            "showlinks": true,
            "permitViewGroup": null,
            "site": 1,
            "slug": "designs",
            "design": 1,
            "page_type": "C",
            "position": 0,
            "lastupdateby": 1,
            "createtime": "2009-11-03T03:37:11",
            "permitEditGroup": null
        }
    },
    {
        "pk": 21,
        "model": "pylucid.pagetree",
        "fields": {
            "createby": 1,
            "parent": 3,
            "lastupdatetime": "2010-09-14T07:32:05",
            "showlinks": true,
            "permitViewGroup": null,
            "site": 1,
            "slug": "main_blue",
            "design": 7,
            "page_type": "C",
            "position": -8,
            "lastupdateby": 1,
            "createtime": "2010-08-31T14:21:03",
            "permitEditGroup": null
        }
    },
    {
        "pk": 22,
        "model": "pylucid.pagetree",
        "fields": {
            "createby": 1,
            "parent": 3,
            "lastupdatetime": "2010-09-14T07:33:02",
            "showlinks": true,
            "permitViewGroup": null,
            "site": 1,
            "slug": "main_green",
            "design": 8,
            "page_type": "C",
            "position": -8,
            "lastupdateby": 1,
            "createtime": "2010-09-14T07:30:40",
            "permitEditGroup": null
        }
    },
    {
        "pk": 23,
        "model": "pylucid.pagetree",
        "fields": {
            "createby": 1,
            "parent": 3,
            "lastupdatetime": "2010-09-24T09:34:46",
            "showlinks": true,
            "permitViewGroup": null,
            "site": 1,
            "slug": "yellow_pop",
            "design": 9,
            "page_type": "C",
            "position": -7,
            "lastupdateby": 1,
            "createtime": "2010-09-24T09:34:31",
            "permitEditGroup": null
        }
    },
    {
        "pk": 11,
        "model": "pylucid.pagetree",
        "fields": {
            "createby": 1,
            "parent": 3,
            "lastupdatetime": "2010-09-14T07:32:14",
            "showlinks": true,
            "permitViewGroup": null,
            "site": 1,
            "slug": "elementary",
            "design": 4,
            "page_type": "C",
            "position": -3,
            "lastupdateby": 1,
            "createtime": "2009-11-03T03:37:19",
            "permitEditGroup": null
        }
    },
    {
        "pk": 9,
        "model": "pylucid.pagetree",
        "fields": {
            "createby": 1,
            "parent": 3,
            "lastupdatetime": "2009-11-03T03:37:16",
            "showlinks": true,
            "permitViewGroup": null,
            "site": 1,
            "slug": "small-dark",
            "design": 2,
            "page_type": "C",
            "position": 0,
            "lastupdateby": 1,
            "createtime": "2009-11-03T03:37:16",
            "permitEditGroup": null
        }
    },
    {
        "pk": 12,
        "model": "pylucid.pagetree",
        "fields": {
            "createby": 1,
            "parent": 3,
            "lastupdatetime": "2010-09-14T07:32:14",
            "showlinks": true,
            "permitViewGroup": null,
            "site": 1,
            "slug": "small-white",
            "design": 5,
            "page_type": "C",
            "position": 0,
            "lastupdateby": 1,
            "createtime": "2009-11-03T03:37:21",
            "permitEditGroup": null
        }
    },
    {
        "pk": 19,
        "model": "pylucid.pagetree",
        "fields": {
            "createby": 1,
            "parent": null,
            "lastupdatetime": "2010-03-26T15:48:39",
            "showlinks": true,
            "permitViewGroup": null,
            "site": 1,
            "slug": "lexicon",
            "design": 1,
            "page_type": "P",
            "position": 4,
            "lastupdateby": 1,
            "createtime": "2010-01-29T07:59:24",
            "permitEditGroup": null
        }
    },
    {
        "pk": 5,
        "model": "pylucid.pagetree",
        "fields": {
            "createby": 1,
            "parent": null,
            "lastupdatetime": "2010-03-26T15:48:39",
            "showlinks": true,
            "permitViewGroup": null,
            "site": 1,
            "slug": "SiteMap",
            "design": 1,
            "page_type": "C",
            "position": 7,
            "lastupdateby": 1,
            "createtime": "2009-11-03T03:37:13",
            "permitEditGroup": null
        }
    },
    {
        "pk": 28,
        "model": "pylucid.pagemeta",
        "fields": {
            "createby": 1,
            "lastupdatetime": "2010-09-24T09:34:31",
            "language": 1,
            "title": "main template/css with 'yellow pop' color scheme",
            "description": "",
            "tags": "",
            "permitViewGroup": null,
            "robots": "index,follow",
            "pagetree": 23,
            "keywords": "",
            "lastupdateby": 1,
            "createtime": "2010-09-24T09:34:31",
            "name": "yellow pop"
        }
    },
    {
        "pk": 27,
        "model": "pylucid.pagemeta",
        "fields": {
            "createby": 1,
            "lastupdatetime": "2010-09-14T07:33:02",
            "language": 1,
            "title": "main template/css with green color scheme",
            "description": "",
            "tags": "",
            "permitViewGroup": null,
            "robots": "index,follow",
            "pagetree": 22,
            "keywords": "",
            "lastupdateby": 1,
            "createtime": "2010-09-14T07:30:40",
            "name": "main green"
        }
    },
    {
        "pk": 26,
        "model": "pylucid.pagemeta",
        "fields": {
            "createby": 1,
            "lastupdatetime": "2010-08-31T14:25:02",
            "language": 1,
            "title": "main template/css with blue color scheme",
            "description": "",
            "tags": "",
            "permitViewGroup": null,
            "robots": "index,follow",
            "pagetree": 21,
            "keywords": "",
            "lastupdateby": 1,
            "createtime": "2010-08-31T14:21:03",
            "name": "main blue"
        }
    },
    {
        "pk": 5,
        "model": "pylucid.pagemeta",
        "fields": {
            "createby": 1,
            "lastupdatetime": "2010-03-26T15:47:54",
            "language": 1,
            "title": "A user sitemap.",
            "description": "",
            "tags": "",
            "permitViewGroup": null,
            "robots": "index,follow",
            "pagetree": 5,
            "keywords": "",
            "lastupdateby": 1,
            "createtime": "2009-11-03T03:37:13",
            "name": "sitemap"
        }
    },
    {
        "pk": 22,
        "model": "pylucid.pagemeta",
        "fields": {
            "createby": 1,
            "lastupdatetime": "2010-03-26T15:21:15",
            "language": 2,
            "title": "",
            "description": "",
            "tags": "",
            "permitViewGroup": null,
            "robots": "index,follow",
            "pagetree": 20,
            "keywords": "",
            "lastupdateby": 1,
            "createtime": "2010-03-26T14:37:18",
            "name": "RSS/Atom feeds"
        }
    },
    {
        "pk": 23,
        "model": "pylucid.pagemeta",
        "fields": {
            "createby": 1,
            "lastupdatetime": "2010-03-26T15:21:15",
            "language": 1,
            "title": "",
            "description": "",
            "tags": "",
            "permitViewGroup": null,
            "robots": "index,follow",
            "pagetree": 20,
            "keywords": "",
            "lastupdateby": 1,
            "createtime": "2010-03-26T14:37:18",
            "name": "RSS/Atom feeds"
        }
    },
    {
        "pk": 25,
        "model": "pylucid.pagemeta",
        "fields": {
            "createby": 1,
            "lastupdatetime": "2010-03-26T15:13:49",
            "language": 2,
            "title": "Dein eigener Weblog.",
            "description": "",
            "tags": "",
            "permitViewGroup": null,
            "robots": "index,follow",
            "pagetree": 18,
            "keywords": "",
            "lastupdateby": 1,
            "createtime": "2010-03-26T15:13:49",
            "name": ""
        }
    },
    {
        "pk": 1,
        "model": "pylucid.pagemeta",
        "fields": {
            "createby": 1,
            "lastupdatetime": "2010-03-26T15:08:53",
            "language": 1,
            "title": "Welcome to your PyLucid CMS =;-)",
            "description": "",
            "tags": "",
            "permitViewGroup": null,
            "robots": "index,follow",
            "pagetree": 1,
            "keywords": "",
            "lastupdateby": 1,
            "createtime": "2009-11-03T03:37:10",
            "name": "welcome"
        }
    },
    {
        "pk": 20,
        "model": "pylucid.pagemeta",
        "fields": {
            "createby": 1,
            "lastupdatetime": "2010-03-26T15:08:53",
            "language": 2,
            "title": "Willkommen auf deiner PyLucid CMS Seite =;-)",
            "description": "",
            "tags": "",
            "permitViewGroup": null,
            "robots": "index,follow",
            "pagetree": 1,
            "keywords": "",
            "lastupdateby": 1,
            "createtime": "2010-01-29T08:27:45",
            "name": "Willkommen"
        }
    },
    {
        "pk": 21,
        "model": "pylucid.pagemeta",
        "fields": {
            "createby": null,
            "lastupdatetime": "2010-03-26T11:13:19",
            "language": 2,
            "title": "",
            "description": "",
            "tags": "",
            "permitViewGroup": null,
            "robots": "index,follow",
            "pagetree": 19,
            "keywords": "",
            "lastupdateby": null,
            "createtime": "2010-03-26T11:13:19",
            "name": ""
        }
    },
    {
        "pk": 2,
        "model": "pylucid.pagemeta",
        "fields": {
            "createby": 1,
            "lastupdatetime": "2010-01-29T08:25:35",
            "language": 1,
            "title": "Some example pages.",
            "description": "",
            "tags": "",
            "permitViewGroup": null,
            "robots": "index,follow",
            "pagetree": 2,
            "keywords": "",
            "lastupdateby": 1,
            "createtime": "2009-11-03T03:37:10",
            "name": "example pages"
        }
    },
    {
        "pk": 3,
        "model": "pylucid.pagemeta",
        "fields": {
            "createby": 1,
            "lastupdatetime": "2010-01-29T08:25:35",
            "language": 1,
            "title": "Some other designs pages.",
            "description": "",
            "tags": "",
            "permitViewGroup": null,
            "robots": "index,follow",
            "pagetree": 3,
            "keywords": "",
            "lastupdateby": 1,
            "createtime": "2009-11-03T03:37:11",
            "name": "design examples"
        }
    },
    {
        "pk": 6,
        "model": "pylucid.pagemeta",
        "fields": {
            "createby": 1,
            "lastupdatetime": "2010-01-29T08:25:35",
            "language": 1,
            "title": "RSS feed test.",
            "description": "Integrade RSS news feeds into your CMS page.",
            "tags": "",
            "permitViewGroup": null,
            "robots": "index,follow",
            "pagetree": 6,
            "keywords": "",
            "lastupdateby": 1,
            "createtime": "2009-11-03T03:37:14",
            "name": "RSS"
        }
    },
    {
        "pk": 8,
        "model": "pylucid.pagemeta",
        "fields": {
            "createby": 1,
            "lastupdatetime": "2010-01-29T08:25:35",
            "language": 1,
            "title": "Markup 'test' pages.",
            "description": "Test page with supported markup content.",
            "tags": "",
            "permitViewGroup": null,
            "robots": "index,follow",
            "pagetree": 8,
            "keywords": "",
            "lastupdateby": 1,
            "createtime": "2009-11-03T03:37:15",
            "name": "markups"
        }
    },
    {
        "pk": 9,
        "model": "pylucid.pagemeta",
        "fields": {
            "createby": 1,
            "lastupdatetime": "2010-01-29T08:25:35",
            "language": 1,
            "title": "Example design 'small dark'.",
            "description": "",
            "tags": "",
            "permitViewGroup": null,
            "robots": "index,follow",
            "pagetree": 9,
            "keywords": "",
            "lastupdateby": 1,
            "createtime": "2009-11-03T03:37:17",
            "name": "small dark"
        }
    },
    {
        "pk": 11,
        "model": "pylucid.pagemeta",
        "fields": {
            "createby": 1,
            "lastupdatetime": "2010-01-29T08:25:35",
            "language": 1,
            "title": "The 'Elementary' Design",
            "description": "",
            "tags": "",
            "permitViewGroup": null,
            "robots": "index,follow",
            "pagetree": 11,
            "keywords": "",
            "lastupdateby": 1,
            "createtime": "2009-11-03T03:37:19",
            "name": "elementary"
        }
    },
    {
        "pk": 12,
        "model": "pylucid.pagemeta",
        "fields": {
            "createby": 1,
            "lastupdatetime": "2010-01-29T08:25:35",
            "language": 1,
            "title": "A small white design.",
            "description": "",
            "tags": "",
            "permitViewGroup": null,
            "robots": "index,follow",
            "pagetree": 12,
            "keywords": "",
            "lastupdateby": 1,
            "createtime": "2009-11-03T03:37:21",
            "name": "small white"
        }
    },
    {
        "pk": 14,
        "model": "pylucid.pagemeta",
        "fields": {
            "createby": 1,
            "lastupdatetime": "2010-01-29T08:25:35",
            "language": 1,
            "title": "The original 'textile' markup.",
            "description": "",
            "tags": "",
            "permitViewGroup": null,
            "robots": "index,follow",
            "pagetree": 14,
            "keywords": "",
            "lastupdateby": 1,
            "createtime": "2009-11-03T03:37:22",
            "name": "textile (original)"
        }
    },
    {
        "pk": 16,
        "model": "pylucid.pagemeta",
        "fields": {
            "createby": 1,
            "lastupdatetime": "2010-01-29T08:25:35",
            "language": 1,
            "title": "ReStructuredText markup.",
            "description": "",
            "tags": "",
            "permitViewGroup": null,
            "robots": "index,follow",
            "pagetree": 16,
            "keywords": "",
            "lastupdateby": 1,
            "createtime": "2009-11-03T03:37:24",
            "name": "reStructuredText"
        }
    },
    {
        "pk": 17,
        "model": "pylucid.pagemeta",
        "fields": {
            "createby": 1,
            "lastupdatetime": "2010-01-29T08:25:35",
            "language": 1,
            "title": "The buildin creole markup.",
            "description": "",
            "tags": "",
            "permitViewGroup": null,
            "robots": "index,follow",
            "pagetree": 17,
            "keywords": "",
            "lastupdateby": 1,
            "createtime": "2009-11-03T03:37:24",
            "name": "creole"
        }
    },
    {
        "pk": 18,
        "model": "pylucid.pagemeta",
        "fields": {
            "createby": 1,
            "lastupdatetime": "2010-01-29T08:25:35",
            "language": 1,
            "title": "Your personal weblog.",
            "description": "",
            "tags": "",
            "permitViewGroup": null,
            "robots": "index,follow",
            "pagetree": 18,
            "keywords": "",
            "lastupdateby": 1,
            "createtime": "2010-01-29T07:58:50",
            "name": "blog"
        }
    },
    {
        "pk": 19,
        "model": "pylucid.pagemeta",
        "fields": {
            "createby": 1,
            "lastupdatetime": "2010-01-29T08:25:35",
            "language": 1,
            "title": "The 'lexicon' plugin page.",
            "description": "",
            "tags": "",
            "permitViewGroup": null,
            "robots": "index,follow",
            "pagetree": 19,
            "keywords": "",
            "lastupdateby": 1,
            "createtime": "2010-01-29T07:59:24",
            "name": "lexicon"
        }
    },
    {
        "pk": 7,
        "model": "pylucid.pagemeta",
        "fields": {
            "createby": 1,
            "lastupdatetime": "2010-01-29T08:22:53",
            "language": 1,
            "title": "SourceCode",
            "description": "PyLucid used the Python syntax highlighter Pygments. It supports an ever-growing range of languages.",
            "tags": "",
            "permitViewGroup": null,
            "robots": "index,follow",
            "pagetree": 7,
            "keywords": "",
            "lastupdateby": 1,
            "createtime": "2009-11-03T03:37:14",
            "name": "sourcecode"
        }
    },
    {
        "pk": 15,
        "model": "pylucid.pagemeta",
        "fields": {
            "createby": 1,
            "lastupdatetime": "2010-01-29T08:22:53",
            "language": 1,
            "title": "",
            "description": "",
            "tags": "",
            "permitViewGroup": null,
            "robots": "index,follow",
            "pagetree": 15,
            "keywords": "",
            "lastupdateby": 1,
            "createtime": "2009-11-03T03:37:23",
            "name": "markdown"
        }
    },
    {
        "pk": 13,
        "model": "pylucid.pagemeta",
        "fields": {
            "createby": 1,
            "lastupdatetime": "2009-11-03T03:37:22",
            "language": 1,
            "title": "tinyTextile Example",
            "description": "",
            "tags": "",
            "permitViewGroup": null,
            "robots": "index,follow",
            "pagetree": 13,
            "keywords": "",
            "lastupdateby": 1,
            "createtime": "2009-11-03T03:37:22",
            "name": "tinyTextile"
        }
    },
    {
        "pk": 18,
        "model": "pylucid.pagecontent",
        "fields": {
            "createby": 1,
            "lastupdatetime": "2011-05-16T12:02:02",
            "markup": 6,
            "content": "Willkommen auf deiner frisch installierem PyLucid CMS Seiten ;)\r\n(Nur diese Seite existiert in deutsch.)\r\n\r\nAls ersten Schritt solltest du die \"site domain\" auf deinen Domain Namen ndern.\r\nDu kannst dafr diesen Link benutzten: [[{% url admin:sites_site_change 1 %}]]\r\n\r\nFallst du die Plugins noch nicht instaliert hast, gehe einmal auf:\r\n * //PyLucid Admin Men / PyLucid / **Plugins installieren**//\r\n\r\nDanach wre es gut, wenn du die Ausgaben des Selbsttest genau studieren wrdest, unter: \r\n * //PyLucid Admin Men / system / **base check**//\r\n\r\nBei Fragen: [[http://www.pylucid.org/permalink/29/kontakt-contact|Kontakiere uns]]!\r\nWenn du Fehler gefunden hast, schreibe ein Ticket (wenn dies noch nicht existiert) in unserem [[http://github.com/jedie/PyLucid/issues|GitHub Bug Tracker]].\r\n\r\n\r\n=== Liste der letzten nderungen\r\n\r\n{% lucidTag update_journal %}",
            "pagemeta": 20,
            "lastupdateby": 1,
            "createtime": "2010-01-29T08:27:45"
        }
    },
    {
        "pk": 2,
        "model": "pylucid.pagecontent",
        "fields": {
            "createby": 1,
            "lastupdatetime": "2010-09-29T13:56:24",
            "markup": 6,
            "content": "Here a few plugin example pages:\r\n\r\n{% lucidTag sub_menu template_name=\"sub_menu/verbose_sub_menu.html\" %}\r\n\r\nMore Info about PyLucid plugins: [[http://www.pylucid.org/permalink/90/about-the-built-in-plugins|About the built-in plugins.]]",
            "pagemeta": 2,
            "lastupdateby": 1,
            "createtime": "2009-11-03T03:37:11"
        }
    },
    {
        "pk": 13,
        "model": "pylucid.pagecontent",
        "fields": {
            "createby": 1,
            "lastupdatetime": "2010-09-29T13:54:01",
            "markup": 2,
            "content": "<fieldset style=\"border: 1px solid rgb(255, 0, 0);\"><legend>Note</legend>\r\n<p>Don't use tinyTextile anymore. It's obsolete and no longer maintained!<br/>\r\nWe prefere to use the markup converter and use the creole markup.</p>\r\n</fieldset>\r\n\r\n<hr />\r\n\r\n\r\nh1. headlines\r\n\r\nheadlines are introduced with 'h1.':\r\n\r\nh4. examples:\r\n\r\n<code=.txt>\r\nh2. this is a h2 headline\r\n\r\nh3. this is a h3 headline\r\n</code>\r\n\r\nh4. result:\r\n\r\nh2. this is a h2 headline\r\n\r\nh3. this is a h3 headline\r\n\r\n(Important: one blank line under the headline!)\r\n\r\n\r\n\r\nh1. Text formatting\r\n\r\nh4. examples:\r\n\r\n<code=.txt>\r\nI am a --small-- word with &lt;small&gt; tag.\r\nThis is a *fat* word with &lt;strong&gt; tag.\r\n</code>\r\n\r\nh4. result:\r\n\r\nI am a --small-- word with ==<small>== tag.\r\nThis is a *fat* word with ==<strong>== tag.\r\n\r\n\r\n\r\nh1. Links\r\n\r\nTo create html links use this pattern:\r\n\r\n<code=.txt>[URL Link Text]</code>\r\n\r\nh4. examples:\r\n\r\n<code=.txt>\r\na [http://domain.dtl http link] to domain.dtl\r\na internal link [/root/index.html root page].\r\nThis is a link, too: [#bottom link text]\r\n</code>\r\n\r\nh4. results:\r\n\r\na [http://domain.dtl http link] to domain.dtl\r\na internal link [/root/index.html root page].\r\nThis is a link, too: [#bottom link text]\r\n\r\n\r\n\r\nh2. old link syntax\r\n\r\nThe old pattern works too, but we prefere the new syntax!\r\n\r\nh4. examples:\r\n\r\n<code=.txt>\r\na \"http link\":http://domain.dtl to domain.dtl\r\nThis is a link, too: \"link text\":#bottom\r\n</code>\r\n\r\nh4. results:\r\n\r\na \"http link\":http://domain.dtl to domain.dtl\r\nThis is a link, too: \"link text\":#bottom\r\n\r\n\r\n\r\nh2. shortcut\r\n\r\nh4. examples:\r\n\r\n<code=.txt>\r\nA link with a shortcut: [[PageName]] goes to the cms page.\r\n</code>\r\n\r\nh4. results:\r\n\r\nA link with a shortcut: [[PageName]] goes to the cms page.\r\n\r\n\r\n\r\nh2. urls\r\n\r\nAll inserted urls would be converted to links\r\n\r\nh4. examples:\r\n\r\n<code=.txt>\r\nhttp://domain.dtl\r\nftp://domain.dtl\r\nmailto:name@domain.dtl\r\n</code>\r\n\r\nh4. result:\r\n\r\nhttp://domain.dtl\r\nftp://domain.dtl\r\nmailto:name@domain.dtl\r\n\r\n\r\n\r\n\r\n\r\n\r\nh1. List\r\n\r\nYou can make ==<ul>== liste with \"*\" and ==<ol>== list with \"#\".\r\nNote: You can't mixed this list types ;)\r\n\r\nh4. examples:\r\n\r\n<code=.txt>\r\nnormal list:\r\n* Lorem ipsum dolor sit amet\r\n** consectetuer adipiscing elit\r\n**** sed diam nonummy nibh\r\n**** euismod tincidunt ut laoreet\r\n** dolore magna aliquam erat volutpat.\r\n\r\nnumbered list:\r\n# Lorem ipsum dolor sit amet\r\n## consectetuer adipiscing elit\r\n#### sed diam nonummy nibh\r\n#### euismod tincidunt ut laoreet\r\n## dolore magna aliquam erat volutpat.\r\n</code>\r\n\r\nh4. result:\r\n\r\nnormal list:\r\n* Lorem ipsum dolor sit amet\r\n** consectetuer adipiscing elit\r\n**** sed diam nonummy nibh\r\n**** euismod tincidunt ut laoreet\r\n** dolore magna aliquam erat volutpat.\r\n\r\nnumbered list:\r\n# Lorem ipsum dolor sit amet\r\n## consectetuer adipiscing elit\r\n#### sed diam nonummy nibh\r\n#### euismod tincidunt ut laoreet\r\n## dolore magna aliquam erat volutpat.\r\n\r\n\r\n\r\nh1. Images\r\n\r\nYou can create a html image tag with a exclamation mark (\"!\") character.\r\nSurround a url to the picture with a \"!\".\r\n\r\nh4. examples:\r\n\r\n<code=.txt>\r\n!http://images.sourceforge.net/images/project-support.jpg!\r\n!/favicon.ico!\r\n!/pics/no link for spaces in filenames.jpg!\r\n</code>\r\n\r\nh4. result:\r\n\r\n!http://images.sourceforge.net/images/project-support.jpg!\r\n!/favicon.ico!\r\n!/pics/no link for spaces in filenames.jpg!\r\n\r\n\r\n\r\nh1. Embed Python SourceCode\r\n\r\nPut sourcecode between ==<python>== tag. Note: The start and end tag must be located alone in a line!\r\n\r\nh4. example:\r\n\r\n<fieldset class=\"pygments_code\">\r\n\r\n==<python>\r\n#!/usr/bin/python\r\n# -*- coding: UTF-8 -*-\r\n\r\n\"\"\"Ein kleines Skript\"\"\"\r\n\r\nprint \"Hello Word: I love Python!\"\r\n</python>==\r\n\r\n</fieldset>\r\n\r\nh4. result:\r\n\r\n<python>\r\n#!/usr/bin/python\r\n# -*- coding: UTF-8 -*-\r\n\r\n\"\"\"Ein kleines Skript\"\"\"\r\n\r\nprint \"Hello Word: I love Python!\"\r\n</python>\r\n\r\n\r\n\r\n\r\nh1. Embed source code generally\r\n\r\nWith the ==<code=ext>== Tag you can highlight everything, which offers Pygments.\r\n'ext' is the file extension.\r\n\r\n<!-- We must use a ugly hack for the examples :( -->\r\n\r\nh4. example 1:\r\n\r\n<fieldset class=\"pygments_code\">\r\n\r\n==<code=php>\r\n<?php\r\n$conn_id = ftp_connect($ftp_server);\r\n?>\r\n</code>==\r\n\r\n</fieldset>\r\n\r\nh4. result 1:\r\n\r\n<code=php>\r\n<?php\r\n$conn_id = ftp_connect($ftp_server);\r\n?>\r\n</code>\r\n\r\nh4. example 2:\r\n\r\n<fieldset class=\"pygments_code\">\r\n\r\n==<code=css>\r\nbody {\r\n  color: black;\r\n}\r\n</code>==\r\n\r\n</fieldset>\r\n\r\nh4. result 2:\r\n\r\n<code=css>\r\nbody {\r\n  color: black;\r\n}\r\n</code>\r\n\r\n\r\n\r\nh1. Escaping\r\n\r\nThe escape character are two equals sign (\"==\"). Text inner two \"=\"-characters would be escaped.\r\n\r\nh4. example:\r\n\r\n<code=.txt>\r\n==\r\nTable: <table width=\"90%\" border=\"0\" align=\"center\">\r\nLink: <a href=\"URL\">txt</a>\r\nInput: <input type=\"submit\" value=\"preview\" />\r\n==\r\n</code>\r\n\r\nh4. result:\r\n\r\n==\r\nTable: <table width=\"90%\" border=\"0\" align=\"center\">\r\nLink: <a href=\"URL\">txt</a>\r\nInput: <input type=\"submit\" value=\"preview\" />\r\n==\r\n\r\nIt goes also within a flow text:\r\nHere ist no Link: ========<a href=\"URL\">txt</a>======== nice?\r\n\r\n\r\n\r\nh1. pre-Formarted-Text\r\n\r\nYou can use the ==<pre>== tag. tinyTextile ingnore the Markup in the area.\r\n\r\nh4. example:\r\n\r\n<code=.txt>\r\n<pre>\r\nh2. Not a textile headline\r\n<h3>hand made h3 headline with html tags</h3>\r\n* This is not a...\r\n* ...textile list\r\n</pre>\r\n</code>\r\n\r\nh4. result:\r\n\r\n<pre>\r\nh2. Not a textile headline\r\n<h3>hand made h3 headline with html tags</h3>\r\n* This is not a...\r\n* ...textile list\r\n</pre>\r\n\r\n\r\n\r\nh1. tables\r\n\r\ntinyTextile only supports very basic table syntax, with no alignment. It's only for simple table like phone lists etc.\r\nThere is a notion for headings and forced line breaks.\r\n\r\nh4. example:\r\n<code=.txt>\r\n|=Heading Col 1 |=Heading Col 2         |\r\n|Cell 1.1       |2 lines\\\\in Cell 1.2   |\r\n|Cell 2.1       |Cell 2.2               |\r\n</code>\r\n\r\nh4. result:\r\n\r\n<span class=\"example_table\">\r\n\r\n|=Heading Col 1 |=Heading Col 2         |\r\n|Cell 1.1       |2 lines\\\\in Cell 1.2   |\r\n|Cell 2.1       |Cell 2.2               |\r\n\r\n</span>\r\n\r\n\r\nh1. HTML-Code\r\n\r\nYou can insert any HTML code directy in you page. tinyTextile ingnore it.",
            "pagemeta": 13,
            "lastupdateby": 1,
            "createtime": "2009-11-03T03:37:22"
        }
    },
    {
        "pk": 8,
        "model": "pylucid.pagecontent",
        "fields": {
            "createby": 1,
            "lastupdatetime": "2010-09-29T13:53:04",
            "markup": 6,
            "content": "PyLucid support a few markups:\r\n\r\n{% lucidTag sub_menu %}\r\n\r\nNote:\r\n* If you edit a page, the button \"markup help\" opens a cheat sheet help page for the markups.\r\n* \"Creole\" and \"tinyTextile\" is shipped with PyLucid.\r\n* Python modules for \"textile\", \"reSt\" and \"markdown\" must be installed separated.",
            "pagemeta": 8,
            "lastupdateby": 1,
            "createtime": "2009-11-03T03:37:15"
        }
    },
    {
        "pk": 7,
        "model": "pylucid.pagecontent",
        "fields": {
            "createby": 1,
            "lastupdatetime": "2010-09-29T13:49:42",
            "markup": 6,
            "content": "PyLucid used the Python syntax highlighter [[http://pygments.org/|Pygments]]. It supports an ever-growing range of languages, look at: [[http://pygments.org/languages/|language list]].\r\n\r\n== Markup source code\r\n\r\nIn Creole markup you can easy insert sourcecode: Use **{{{<<code ext=\".EXT\">>...<</code>>}}}** and PyLucid used Pygments to highlight it. Where '.EXT' is the typical fileextension/alias of the code, please look at:\r\n\r\n * http://pygments.org/docs/lexers/\r\n\r\n=== examples\r\n\r\n{% sourcecode ext=\".html\" %}\r\n<<code ext=\".css\">>\r\n/* CSS Stylesheet */\r\n.xs {font-family:verdana,arial,helvetica,sans-serif;font-size: x-small}\r\n.m {font-size: medium}\r\n<</code>>\r\n{% endsourcecode %}\r\n\r\nresult:\r\n\r\n<<code ext=\".css\">>\r\n/* CSS Stylesheet */\r\n.xs {font-family:verdana,arial,helvetica,sans-serif;font-size: x-small}\r\n.m {font-size: medium}\r\n<</code>>\r\n\r\nHere a \"error\" example:\r\n\r\n<<code ext=NotExists>>\r\nIf there exist no Lexer for the given format, PyLucid used the Pygments TextLexer. =;-)\r\n<</code>>\r\nThe other way is to use Creole **<<html>>&#x7B;&#x7B;&#x7B;...&#x7D;&#x7D;&#x7D;<</html>>** code block tags.\r\n",
            "pagemeta": 7,
            "lastupdateby": 1,
            "createtime": "2009-11-03T03:37:15"
        }
    },
    {
        "pk": 6,
        "model": "pylucid.pagecontent",
        "fields": {
            "createby": 1,
            "lastupdatetime": "2010-09-29T13:48:30",
            "markup": 6,
            "content": "With this lucidTag you can easy integrade a RSS news feed into your CMS page:\r\n\r\n{% sourcecode ext=\".html\" %}\r\n{% lucidTag rss url=\"http url\" %}\r\n{% endsourcecode %}\r\n\r\n=== example:\r\n\r\n{% lucidTag rss url=\"http://sourceforge.net/export/rss2_projnews.php?group_id=146328&rss_fulltext=1\" %}",
            "pagemeta": 6,
            "lastupdateby": 1,
            "createtime": "2009-11-03T03:37:14"
        }
    },
    {
        "pk": 3,
        "model": "pylucid.pagecontent",
        "fields": {
            "createby": 1,
            "lastupdatetime": "2010-09-24T09:44:37",
            "markup": 6,
            "content": "Here a example pages for the other designs.\r\n\r\nPlease look at the page [[http://www.pylucid.org/permalink/69/customise-the-look-of-your-pylucid-installation|customise PyLucid]]\r\n\r\nSorry, we spend not much time in the initial design :-( Help use to make them better!\r\n\r\n=== sub menu\r\n\r\n{% lucidTag sub_menu %}",
            "pagemeta": 3,
            "lastupdateby": 1,
            "createtime": "2009-11-03T03:37:11"
        }
    },
    {
        "pk": 21,
        "model": "pylucid.pagecontent",
        "fields": {
            "createby": 1,
            "lastupdatetime": "2010-09-24T09:34:31",
            "markup": 6,
            "content": "This is PyLucid default design \"main yellow pop\" witch used the same CSS files than \"main yellow\" and \"main green\" but with a pop color scheme ;)\r\n\r\nYou should test <<html>><a href=\"{% url Design-switch %}\">Switch Design</a><</html>>, too ;)",
            "pagemeta": 28,
            "lastupdateby": 1,
            "createtime": "2010-09-24T09:34:31"
        }
    },
    {
        "pk": 20,
        "model": "pylucid.pagecontent",
        "fields": {
            "createby": 1,
            "lastupdatetime": "2010-09-24T09:23:21",
            "markup": 6,
            "content": "This is PyLucid default design \"main green\" witch used the same CSS files than \"main yellow\" and \"main blue\" but with a green color scheme...\r\n\r\nYou should test <<html>><a href=\"{% url Design-switch %}\">Switch Design</a><</html>>, too ;)",
            "pagemeta": 27,
            "lastupdateby": 1,
            "createtime": "2010-09-14T07:30:40"
        }
    },
    {
        "pk": 19,
        "model": "pylucid.pagecontent",
        "fields": {
            "createby": 1,
            "lastupdatetime": "2010-09-24T09:23:13",
            "markup": 6,
            "content": "This is PyLucid default design \"main blue\" witch used the same CSS files than \"main yellow\" and \"main green\" but with a blue color scheme...\r\n\r\nYou should test <<html>><a href=\"{% url Design-switch %}\">Switch Design</a><</html>>, too ;)",
            "pagemeta": 26,
            "lastupdateby": 1,
            "createtime": "2010-08-31T14:21:03"
        }
    },
    {
        "pk": 1,
        "model": "pylucid.pagecontent",
        "fields": {
            "createby": 1,
            "lastupdatetime": "2010-08-27T06:56:55",
            "markup": 6,
            "content": "Welcome to your fesh PyLucid CMS installation ;)\r\n\r\nYou should first change the \"site domain\" to your domain name.\r\nYou can use this link: [[{% url admin:sites_site_change 1 %}]]\r\n\r\nIf you didn't installed the PyLucid plugins, please do it here:\r\n * //PyLucid admin menu / PyLucid / **install plugins**//\r\n\r\nThen it would be good if you would carefully study the output of the self test, here:\r\n * //PyLucid admin menu / system / **base check**//\r\n\r\nPlease [[http://www.pylucid.org/permalink/29/kontakt-contact|contact us]], if you have any question.\r\n\r\nIf you find errors, write a ticket (if it does not exist) in our [[http://github.com/jedie/PyLucid/issues|GitHub bug tracker]].\r\n\r\n=== list of last updates\r\n\r\n{% lucidTag update_journal %}",
            "pagemeta": 1,
            "lastupdateby": 1,
            "createtime": "2009-11-03T03:37:10"
        }
    },
    {
        "pk": 5,
        "model": "pylucid.pagecontent",
        "fields": {
            "createby": 1,
            "lastupdatetime": "2010-03-26T15:47:54",
            "markup": 0,
            "content": "{% lucidTag SiteMap %}",
            "pagemeta": 5,
            "lastupdateby": 1,
            "createtime": "2009-11-03T03:37:13"
        }
    },
    {
        "pk": 16,
        "model": "pylucid.pagecontent",
        "fields": {
            "createby": 1,
            "lastupdatetime": "2009-11-03T03:37:24",
            "markup": 5,
            "content": "A ReStructuredText Primer\r\n=========================\r\n\r\n:Author: Richard Jones\r\n:Version: $Revision: 4350 $\r\n:Copyright: This document has been placed in the public domain.\r\n\r\n.. contents::\r\n\r\n\r\nThe text below contains links that look like \"(quickref__)\".  These\r\nare relative links that point to the `Quick reStructuredText`_ user\r\nreference.  If these links don't work, please refer to the `master\r\nquick reference`_ document.\r\n\r\n__\r\n.. _Quick reStructuredText: quickref.html\r\n.. _master quick reference:\r\n   http://docutils.sourceforge.net/docs/user/rst/quickref.html\r\n\r\n\r\nStructure\r\n---------\r\n\r\nFrom the outset, let me say that \"Structured Text\" is probably a bit\r\nof a misnomer.  It's more like \"Relaxed Text\" that uses certain\r\nconsistent patterns.  These patterns are interpreted by a HTML\r\nconverter to produce \"Very Structured Text\" that can be used by a web\r\nbrowser.\r\n\r\nThe most basic pattern recognised is a **paragraph** (quickref__).\r\nThat's a chunk of text that is separated by blank lines (one is\r\nenough).  Paragraphs must have the same indentation -- that is, line\r\nup at their left edge.  Paragraphs that start indented will result in\r\nindented quote paragraphs. For example::\r\n\r\n  This is a paragraph.  It's quite\r\n  short.\r\n\r\n     This paragraph will result in an indented block of\r\n     text, typically used for quoting other text.\r\n\r\n  This is another one.\r\n\r\nResults in:\r\n\r\n  This is a paragraph.  It's quite\r\n  short.\r\n\r\n     This paragraph will result in an indented block of\r\n     text, typically used for quoting other text.\r\n\r\n  This is another one.\r\n\r\n__ quickref.html#paragraphs\r\n\r\n\r\nText styles\r\n-----------\r\n\r\n(quickref__)\r\n\r\n__ quickref.html#inline-markup\r\n\r\nInside paragraphs and other bodies of text, you may additionally mark\r\ntext for *italics* with \"``*italics*``\" or **bold** with\r\n\"``**bold**``\".\r\n\r\nIf you want something to appear as a fixed-space literal, use\r\n\"````double back-quotes````\".  Note that no further fiddling is done\r\ninside the double back-quotes -- so asterisks \"``*``\" etc. are left\r\nalone.\r\n\r\nIf you find that you want to use one of the \"special\" characters in\r\ntext, it will generally be OK -- reStructuredText is pretty smart.\r\nFor example, this * asterisk is handled just fine.  If you actually\r\nwant text \\*surrounded by asterisks* to **not** be italicised, then\r\nyou need to indicate that the asterisk is not special.  You do this by\r\nplacing a backslash just before it, like so \"``\\*``\" (quickref__), or\r\nby enclosing it in double back-quotes (inline literals), like this::\r\n\r\n    ``\\*``\r\n\r\n__ quickref.html#escaping\r\n\r\n\r\nLists\r\n-----\r\n\r\nLists of items come in three main flavours: **enumerated**,\r\n**bulleted** and **definitions**.  In all list cases, you may have as\r\nmany paragraphs, sublists, etc. as you want, as long as the left-hand\r\nside of the paragraph or whatever aligns with the first line of text\r\nin the list item.\r\n\r\nLists must always start a new paragraph -- that is, they must appear\r\nafter a blank line.\r\n\r\n**enumerated** lists (numbers, letters or roman numerals; quickref__)\r\n  __ quickref.html#enumerated-lists\r\n\r\n  Start a line off with a number or letter followed by a period \".\",\r\n  right bracket \")\" or surrounded by brackets \"( )\" -- whatever you're\r\n  comfortable with.  All of the following forms are recognised::\r\n\r\n    1. numbers\r\n\r\n    A. upper-case letters\r\n       and it goes over many lines\r\n\r\n       with two paragraphs and all!\r\n\r\n    a. lower-case letters\r\n\r\n       3. with a sub-list starting at a different number\r\n       4. make sure the numbers are in the correct sequence though!\r\n\r\n    I. upper-case roman numerals\r\n\r\n    i. lower-case roman numerals\r\n\r\n    (1) numbers again\r\n\r\n    1) and again\r\n\r\n  Results in (note: the different enumerated list styles are not\r\n  always supported by every web browser, so you may not get the full\r\n  effect here):\r\n\r\n  1. numbers\r\n\r\n  A. upper-case letters\r\n     and it goes over many lines\r\n\r\n     with two paragraphs and all!\r\n\r\n  a. lower-case letters\r\n\r\n     3. with a sub-list starting at a different number\r\n     4. make sure the numbers are in the correct sequence though!\r\n\r\n  I. upper-case roman numerals\r\n\r\n  i. lower-case roman numerals\r\n\r\n  (1) numbers again\r\n\r\n  1) and again\r\n\r\n**bulleted** lists (quickref__)\r\n  __ quickref.html#bullet-lists\r\n\r\n  Just like enumerated lists, start the line off with a bullet point\r\n  character - either \"-\", \"+\" or \"*\"::\r\n\r\n    * a bullet point using \"*\"\r\n\r\n      - a sub-list using \"-\"\r\n\r\n        + yet another sub-list\r\n\r\n      - another item\r\n\r\n  Results in:\r\n\r\n  * a bullet point using \"*\"\r\n\r\n    - a sub-list using \"-\"\r\n\r\n      + yet another sub-list\r\n\r\n    - another item\r\n\r\n**definition** lists (quickref__)\r\n  __ quickref.html#definition-lists\r\n\r\n  Unlike the other two, the definition lists consist of a term, and\r\n  the definition of that term.  The format of a definition list is::\r\n\r\n    what\r\n      Definition lists associate a term with a definition.\r\n\r\n    *how*\r\n      The term is a one-line phrase, and the definition is one or more\r\n      paragraphs or body elements, indented relative to the term.\r\n      Blank lines are not allowed between term and definition.\r\n\r\n  Results in:\r\n\r\n  what\r\n    Definition lists associate a term with a definition.\r\n\r\n  *how*\r\n    The term is a one-line phrase, and the definition is one or more\r\n    paragraphs or body elements, indented relative to the term.\r\n    Blank lines are not allowed between term and definition.\r\n\r\n\r\nPreformatting (code samples)\r\n----------------------------\r\n(quickref__)\r\n\r\n__ quickref.html#literal-blocks\r\n\r\nTo just include a chunk of preformatted, never-to-be-fiddled-with\r\ntext, finish the prior paragraph with \"``::``\".  The preformatted\r\nblock is finished when the text falls back to the same indentation\r\nlevel as a paragraph prior to the preformatted block.  For example::\r\n\r\n  An example::\r\n\r\n      Whitespace, newlines, blank lines, and all kinds of markup\r\n        (like *this* or \\this) is preserved by literal blocks.\r\n    Lookie here, I've dropped an indentation level\r\n    (but not far enough)\r\n\r\n  no more example\r\n\r\nResults in:\r\n\r\n  An example::\r\n\r\n      Whitespace, newlines, blank lines, and all kinds of markup\r\n        (like *this* or \\this) is preserved by literal blocks.\r\n    Lookie here, I've dropped an indentation level\r\n    (but not far enough)\r\n\r\n  no more example\r\n\r\nNote that if a paragraph consists only of \"``::``\", then it's removed\r\nfrom the output::\r\n\r\n  ::\r\n\r\n      This is preformatted text, and the\r\n      last \"::\" paragraph is removed\r\n\r\nResults in:\r\n\r\n::\r\n\r\n    This is preformatted text, and the\r\n    last \"::\" paragraph is removed\r\n\r\n\r\nSections\r\n--------\r\n\r\n(quickref__)\r\n\r\n__ quickref.html#section-structure\r\n\r\nTo break longer text up into sections, you use **section headers**.\r\nThese are a single line of text (one or more words) with adornment: an\r\nunderline alone, or an underline and an overline together, in dashes\r\n\"``-----``\", equals \"``======``\", tildes \"``~~~~~~``\" or any of the\r\nnon-alphanumeric characters ``= - ` : ' \" ~ ^ _ * + # < >`` that you\r\nfeel comfortable with.  An underline-only adornment is distinct from\r\nan overline-and-underline adornment using the same character.  The\r\nunderline/overline must be at least as long as the title text.  Be\r\nconsistent, since all sections marked with the same adornment style\r\nare deemed to be at the same level::\r\n\r\n  Chapter 1 Title\r\n  ===============\r\n\r\n  Section 1.1 Title\r\n  -----------------\r\n\r\n  Subsection 1.1.1 Title\r\n  ~~~~~~~~~~~~~~~~~~~~~~\r\n\r\n  Section 1.2 Title\r\n  -----------------\r\n\r\n  Chapter 2 Title\r\n  ===============\r\n\r\nThis results in the following structure, illustrated by simplified\r\npseudo-XML::\r\n\r\n    <section>\r\n        <title>\r\n            Chapter 1 Title\r\n        <section>\r\n            <title>\r\n                Section 1.1 Title\r\n            <section>\r\n                <title>\r\n                    Subsection 1.1.1 Title\r\n        <section>\r\n            <title>\r\n                Section 1.2 Title\r\n    <section>\r\n        <title>\r\n            Chapter 2 Title\r\n\r\n(Pseudo-XML uses indentation for nesting and has no end-tags.  It's\r\nnot possible to show actual processed output, as in the other\r\nexamples, because sections cannot exist inside block quotes.  For a\r\nconcrete example, compare the section structure of this document's\r\nsource text and processed output.)\r\n\r\nNote that section headers are available as link targets, just using\r\ntheir name.  To link to the Lists_ heading, I write \"``Lists_``\".  If\r\nthe heading has a space in it like `text styles`_, we need to quote\r\nthe heading \"```text styles`_``\".\r\n\r\n\r\nDocument Title / Subtitle\r\n`````````````````````````\r\n\r\nThe title of the whole document is distinct from section titles and\r\nmay be formatted somewhat differently (e.g. the HTML writer by default\r\nshows it as a centered heading).\r\n\r\nTo indicate the document title in reStructuredText, use a unique adornment\r\nstyle at the beginning of the document.  To indicate the document subtitle,\r\nuse another unique adornment style immediately after the document title.  For\r\nexample::\r\n\r\n    ================\r\n     Document Title\r\n    ================\r\n    ----------\r\n     Subtitle\r\n    ----------\r\n\r\n    Section Title\r\n    =============\r\n\r\n    ...\r\n\r\nNote that \"Document Title\" and \"Section Title\" above both use equals\r\nsigns, but are distict and unrelated styles.  The text of\r\noverline-and-underlined titles (but not underlined-only) may be inset\r\nfor aesthetics.\r\n\r\n\r\nImages\r\n------\r\n\r\n(quickref__)\r\n\r\n__ quickref.html#directives\r\n\r\nTo include an image in your document, you use the the ``image`` directive__.\r\nFor example::\r\n\r\n  .. image:: images/biohazard.png\r\n\r\nresults in:\r\n\r\n.. image:: images/biohazard.png\r\n\r\nThe ``images/biohazard.png`` part indicates the filename of the image\r\nyou wish to appear in the document. There's no restriction placed on\r\nthe image (format, size etc).  If the image is to appear in HTML and\r\nyou wish to supply additional information, you may::\r\n\r\n  .. image:: images/biohazard.png\r\n     :height: 100\r\n     :width: 200\r\n     :scale: 50\r\n     :alt: alternate text\r\n\r\nSee the full `image directive documentation`__ for more info.\r\n\r\n__ ../../ref/rst/directives.html\r\n__ ../../ref/rst/directives.html#images\r\n\r\n\r\nWhat Next?\r\n----------\r\n\r\nThis primer introduces the most common features of reStructuredText,\r\nbut there are a lot more to explore.  The `Quick reStructuredText`_\r\nuser reference is a good place to go next.  For complete details, the\r\n`reStructuredText Markup Specification`_ is the place to go [#]_.\r\n\r\nUsers who have questions or need assistance with Docutils or\r\nreStructuredText should post a message to the Docutils-users_ mailing\r\nlist.\r\n\r\n.. [#] If that relative link doesn't work, try the master document:\r\n   http://docutils.sourceforge.net/docs/ref/rst/restructuredtext.html.\r\n\r\n.. _reStructuredText Markup Specification:\r\n   ../../ref/rst/restructuredtext.html\r\n.. _Docutils-users: ../mailing-lists.html#docutils-users\r\n.. _Docutils project web site: http://docutils.sourceforge.net/\r\n",
            "pagemeta": 16,
            "lastupdateby": 1,
            "createtime": "2009-11-03T03:37:24"
        }
    },
    {
        "pk": 17,
        "model": "pylucid.pagecontent",
        "fields": {
            "createby": 1,
            "lastupdatetime": "2009-11-03T03:37:24",
            "markup": 6,
            "content": "PyLucid info: If you edit a page, the button \"markup help\" opens a cheat sheet help page.\r\n\r\n----\r\n\r\n= Top-level heading (1)\r\n== This a test for creole 0.1 (2)\r\n=== This is a Subheading (3)\r\n==== Subsub (4)\r\n===== Subsubsub (5)\r\n\r\nThe ending equal signs should not be displayed:\r\n\r\n= Top-level heading (1) =\r\n== This a test for creole 0.1 (2) ==\r\n=== This is a Subheading (3) ===\r\n==== Subsub (4) ====\r\n===== Subsubsub (5) =====\r\n\r\n\r\nYou can make things **bold** or //italic// or **//both//** or //**both**//.\r\n\r\nCharacter formatting extends across line breaks: **bold,\r\nthis is still bold. This line deliberately does not end in star-star.\r\n\r\nNot bold. Character formatting does not cross paragraph boundaries.\r\n\r\nYou can use [[internal links]] or [[http://www.wikicreole.org|external links]],\r\ngive the link a [[internal links|different]] name.\r\n\r\nHere's another sentence: This wisdom is taken from [[Ward Cunningham's]]\r\n[[http://www.c2.com/doc/wikisym/WikiSym2006.pdf|Presentation at the Wikisym 06]].\r\n\r\nHere's a external link without a description: [[http://www.wikicreole.org]]\r\n\r\nBe careful that italic links are rendered properly:  //[[http://my.book.example/|My Book Title]]// \r\n\r\nFree links without braces should be rendered as well, like http://www.wikicreole.org/ and http://www.wikicreole.org/users/~example. \r\n\r\nCreole1.0 specifies that http://bar and ftp://bar should not render italic,\r\nsomething like foo://bar should render as italic.\r\n\r\nYou can use this to draw a line to separate the page:\r\n----\r\n\r\nYou can use lists, start it at the first column for now, please...\r\n\r\nunnumbered lists are like\r\n* item a\r\n* item b\r\n* **bold item c**\r\n\r\nblank space is also permitted before lists like:\r\n  *   item a\r\n * item b\r\n* item c\r\n ** item c.a\r\n\r\nor you can number them\r\n# [[item 1]]\r\n# item 2\r\n# // italic item 3 //\r\n    ## item 3.1\r\n  ## item 3.2\r\n\r\nup to five levels\r\n* 1\r\n** 2\r\n*** 3\r\n**** 4\r\n***** 5\r\n\r\n* You can have\r\nmultiline list items\r\n* this is a second multiline\r\nlist item\r\n\r\nYou can use nowiki syntax if you would like do stuff like this:\r\n\r\n{{{\r\nGuitar Chord C:\r\n\r\n||---|---|---|\r\n||-0-|---|---|\r\n||---|---|---|\r\n||---|-0-|---|\r\n||---|---|-0-|\r\n||---|---|---|\r\n}}}\r\n\r\nNote: if you look at the source code of the above, you see the escape char (tilde, ~ )\r\nbeing used to escape the closing triple curly braces. This is to do nowiki nesting in this\r\nwiki which doesn't follow Creole 1.0 yet (closing triple curly braces should be indented\r\nby one space).\r\n\r\nYou can also use it inline nowiki {{{ in a sentence }}} like this.\r\n\r\n!!! Escapes \r\nNormal Link: http://wikicreole.org/ - now same link, but escaped: ~http://wikicreole.org/ \r\n\r\nNormal asterisks: ~**not bold~**\r\n\r\na tilde alone: ~\r\n\r\na tilde escapes itself: ~~xxx\r\n\r\n!! Creole 0.2 \r\n\r\nThis should be a flower with the ALT text \"this is a flower\" if your wiki supports ALT text on images:\r\n\r\n[{ImagePro src='Red-Flower.jpg' caption='here is a red flower' }]\r\n\r\n!! Creole 0.4 \r\n\r\nTables are done like this:\r\n\r\n||header col1||header col2\r\n|col1|col2\r\n|you         |can         \r\n|also        |align\\\\ it. \r\n\r\nYou can format an address by simply forcing linebreaks:\r\n\r\nMy contact dates:\\\\\r\nPone: xyz\\\\\r\nFax: +45\\\\\r\nMobile: abc\r\n\r\n!! Creole 0.5 \r\n\r\n|| Header title               || Another header title     \r\n| {{{ //not italic text// }}} | {{{ **not bold text** }}} \r\n| ''italic text''             | __  bold text __          \r\n\r\n!! Creole 1.0 \r\n\r\nIf interwiki links are setup in your wiki, this links to the WikiCreole page about Creole 1.0 test cases: [WikiCreole:Creole1.0TestCases].\r\n",
            "pagemeta": 17,
            "lastupdateby": 1,
            "createtime": "2009-11-03T03:37:24"
        }
    },
    {
        "pk": 15,
        "model": "pylucid.pagecontent",
        "fields": {
            "createby": 1,
            "lastupdatetime": "2009-11-03T03:37:23",
            "markup": 4,
            "content": "A First Level Header\r\n====================\r\n\r\nA Second Level Header\r\n---------------------\r\n\r\nNow is the time for all good men to come to\r\nthe aid of their country. This is just a\r\nregular paragraph.\r\n\r\nThe quick brown fox jumped over the lazy\r\ndog's back.\r\n\r\n### Header 3\r\n\r\n> This is a blockquote.\r\n> \r\n> This is the second paragraph in the blockquote.\r\n>\r\n> ## This is an H2 in a blockquote",
            "pagemeta": 15,
            "lastupdateby": 1,
            "createtime": "2009-11-03T03:37:23"
        }
    },
    {
        "pk": 14,
        "model": "pylucid.pagecontent",
        "fields": {
            "createby": 1,
            "lastupdatetime": "2009-11-03T03:37:22",
            "markup": 3,
            "content": "h2{color:green}. This is a title\r\n\r\nh3. This is a subhead\r\n\r\np{color:red}. This is some text of dubious character. Isn't the use of \"quotes\" just lazy writing -- and theft of 'intellectual property' besides? I think the time has come to see a block quote.\r\n\r\nbq[fr]. This is a block quote. I'll admit it's not the most exciting block quote ever devised.\r\n\r\nSimple list:\r\n\r\n#{color:blue} one\r\n# two\r\n# three\r\n\r\nMulti-level list:\r\n\r\n# one\r\n## aye\r\n## bee\r\n## see\r\n# two\r\n## x\r\n## y\r\n# three\r\n\r\nMixed list:\r\n\r\n* Point one\r\n* Point two\r\n## Step 1\r\n## Step 2\r\n## Step 3\r\n* Point three\r\n** Sub point 1\r\n** Sub point 2\r\n\r\n\r\nWell, that went well. How about we insert an <a href=\"/\" title=\"watch out\">old-fashioned hypertext link</a>? Will the quote marks in the tags get messed up? No!\r\n\r\n\"This is a link (optional title)\":http://www.textism.com\r\n\r\ntable{border:1px solid black}.\r\n|_. this|_. is|_. a|_. header|\r\n<{background:gray}. |\\2. this is|{background:red;width:200px}. a|^<>{height:200px}. row|\r\n|this|<>{padding:10px}. is|^. another|(bob#bob). row|\r\n\r\nAn image:\r\n\r\n!/common/textist.gif(optional alt text)!\r\n\r\n# Librarians rule\r\n# Yes they do\r\n# But you knew that\r\n\r\nSome more text of dubious character. Here is a noisome string of CAPITAL letters. Here is something we want to _emphasize_. \r\nThat was a linebreak. And something to indicate *strength*. Of course I could use <em>my own HTML tags</em> if I <strong>felt</strong> like it.\r\n\r\nh3. Coding\r\n\r\nThis <code>is some code, \"isn't it\"</code>. Watch those quote marks! Now for some preformatted text:\r\n\r\n<pre>\r\n<code>\r\n\t$text = str_replace(\"<p>%::%</p>\",\"\",$text);\r\n\t$text = str_replace(\"%::%</p>\",\"\",$text);\r\n\t$text = str_replace(\"%::%\",\"\",$text);\r\n\r\n</code>\r\n</pre>\r\n\r\nThis isn't code.\r\n\r\n\r\nSo you see, my friends:\r\n\r\n* The time is now\r\n* The time is not later\r\n* The time is not yesterday\r\n* We must act\r\n\r\n",
            "pagemeta": 14,
            "lastupdateby": 1,
            "createtime": "2009-11-03T03:37:22"
        }
    },
    {
        "pk": 12,
        "model": "pylucid.pagecontent",
        "fields": {
            "createby": 1,
            "lastupdatetime": "2009-11-03T03:37:21",
            "markup": 6,
            "content": "By:\r\n* Martin Bergner\r\n* Jens Diemer\r\n\r\nBased on the original design by [[http://andreasviklund.com|Andreas Viklund]]\r\n\r\n----\r\n\r\nLorem ipsum dolor sit amet, consectetur adipisicing elit, sed do eiusmod tempor incididunt ut labore et dolore magna aliqua. Ut enim ad minim veniam, quis nostrud exercitation ullamco laboris nisi ut aliquip ex ea commodo consequat. Duis aute irure dolor in reprehenderit in voluptate velit esse cillum dolore eu fugiat nulla pariatur. Excepteur sint occaecat cupidatat non proident, sunt in culpa qui officia deserunt mollit anim id est laborum.\r\n\r\nLorem ipsum dolor sit amet, consectetur adipisicing elit, sed do eiusmod tempor incididunt ut labore et dolore magna aliqua. Ut enim ad minim veniam, quis nostrud exercitation ullamco laboris nisi ut aliquip ex ea commodo consequat. Duis aute irure dolor in reprehenderit in voluptate velit esse cillum dolore eu fugiat nulla pariatur. Excepteur sint occaecat cupidatat non proident, sunt in culpa qui officia deserunt mollit anim id est laborum.\r\n\r\nLorem ipsum dolor sit amet, consectetur adipisicing elit, sed do eiusmod tempor incididunt ut labore et dolore magna aliqua. Ut enim ad minim veniam, quis nostrud exercitation ullamco laboris nisi ut aliquip ex ea commodo consequat. Duis aute irure dolor in reprehenderit in voluptate velit esse cillum dolore eu fugiat nulla pariatur. Excepteur sint occaecat cupidatat non proident, sunt in culpa qui officia deserunt mollit anim id est laborum.",
            "pagemeta": 12,
            "lastupdateby": 1,
            "createtime": "2009-11-03T03:37:21"
        }
    },
    {
        "pk": 11,
        "model": "pylucid.pagecontent",
        "fields": {
            "createby": 1,
            "lastupdatetime": "2009-11-03T03:37:20",
            "markup": 6,
            "content": "This discoloured, elementary CSS/Template is a good startpoint to make you own Design!\r\n\r\n----\r\n\r\nLorem ipsum dolor sit amet, consectetur adipisicing elit, sed do eiusmod tempor incididunt ut labore et dolore magna aliqua. Ut enim ad minim veniam, quis nostrud exercitation ullamco laboris nisi ut aliquip ex ea commodo consequat. Duis aute irure dolor in reprehenderit in voluptate velit esse cillum dolore eu fugiat nulla pariatur. Excepteur sint occaecat cupidatat non proident, sunt in culpa qui officia deserunt mollit anim id est laborum.\r\n\r\nLorem ipsum dolor sit amet, consectetur adipisicing elit, sed do eiusmod tempor incididunt ut labore et dolore magna aliqua. Ut enim ad minim veniam, quis nostrud exercitation ullamco laboris nisi ut aliquip ex ea commodo consequat. Duis aute irure dolor in reprehenderit in voluptate velit esse cillum dolore eu fugiat nulla pariatur. Excepteur sint occaecat cupidatat non proident, sunt in culpa qui officia deserunt mollit anim id est laborum.\r\n\r\nLorem ipsum dolor sit amet, consectetur adipisicing elit, sed do eiusmod tempor incididunt ut labore et dolore magna aliqua. Ut enim ad minim veniam, quis nostrud exercitation ullamco laboris nisi ut aliquip ex ea commodo consequat. Duis aute irure dolor in reprehenderit in voluptate velit esse cillum dolore eu fugiat nulla pariatur. Excepteur sint occaecat cupidatat non proident, sunt in culpa qui officia deserunt mollit anim id est laborum.",
            "pagemeta": 11,
            "lastupdateby": 1,
            "createtime": "2009-11-03T03:37:20"
        }
    },
    {
        "pk": 9,
        "model": "pylucid.pagecontent",
        "fields": {
            "createby": 1,
            "lastupdatetime": "2009-11-03T03:37:17",
            "markup": 6,
            "content": "=== the small dark design\r\n\r\nHere a small dark design by Jens Diemer (based on a design by CUATRO)\r\n\r\nNotes:\r\n* The Menu only works for small pages\r\n\r\n----\r\n\r\nLorem ipsum dolor sit amet, consectetur adipisicing elit, sed do eiusmod tempor incididunt ut labore et dolore magna aliqua. Ut enim ad minim veniam, quis nostrud exercitation ullamco laboris nisi ut aliquip ex ea commodo consequat. Duis aute irure dolor in reprehenderit in voluptate velit esse cillum dolore eu fugiat nulla pariatur. Excepteur sint occaecat cupidatat non proident, sunt in culpa qui officia deserunt mollit anim id est laborum.\r\n\r\nLorem ipsum dolor sit amet, consectetur adipisicing elit, sed do eiusmod tempor incididunt ut labore et dolore magna aliqua. Ut enim ad minim veniam, quis nostrud exercitation ullamco laboris nisi ut aliquip ex ea commodo consequat. Duis aute irure dolor in reprehenderit in voluptate velit esse cillum dolore eu fugiat nulla pariatur. Excepteur sint occaecat cupidatat non proident, sunt in culpa qui officia deserunt mollit anim id est laborum.\r\n\r\nLorem ipsum dolor sit amet, consectetur adipisicing elit, sed do eiusmod tempor incididunt ut labore et dolore magna aliqua. Ut enim ad minim veniam, quis nostrud exercitation ullamco laboris nisi ut aliquip ex ea commodo consequat. Duis aute irure dolor in reprehenderit in voluptate velit esse cillum dolore eu fugiat nulla pariatur. Excepteur sint occaecat cupidatat non proident, sunt in culpa qui officia deserunt mollit anim id est laborum.",
            "pagemeta": 9,
            "lastupdateby": 1,
            "createtime": "2009-11-03T03:37:17"
        }
    },
    {
        "pk": 3,
        "model": "pylucid.pluginpage",
        "fields": {
            "createby": 1,
            "lastupdatetime": "2010-03-26T15:21:15",
            "pagetree": 20,
            "app_label": "pylucid_project.pylucid_plugins.update_journal",
            "lastupdateby": 1,
            "createtime": "2010-03-26T14:37:18",
            "urls_filename": "urls.py"
        }
    },
    {
        "pk": 2,
        "model": "pylucid.pluginpage",
        "fields": {
            "createby": 1,
            "lastupdatetime": "2010-01-29T07:59:24",
            "pagetree": 19,
            "app_label": "pylucid_project.pylucid_plugins.lexicon",
            "lastupdateby": 1,
            "createtime": "2010-01-29T07:59:24",
            "urls_filename": "urls.py"
        }
    },
    {
        "pk": 1,
        "model": "pylucid.pluginpage",
        "fields": {
            "createby": 1,
            "lastupdatetime": "2010-01-29T07:58:50",
            "pagetree": 18,
            "app_label": "pylucid_project.pylucid_plugins.blog",
            "lastupdateby": 1,
            "createtime": "2010-01-29T07:58:50",
            "urls_filename": "urls.py"
        }
    },
    {
        "pk": 7,
        "model": "dbtemplates.template",
        "fields": {
            "content": "<p id=\"permalink\"><a href=\"{{ page_permalink }}\" title=\"permalink to this page\">permalink</a></p>",
            "sites": [
                1
            ],
            "last_changed": "2010-05-28T08:50:47",
            "name": "initial_includes/permalink.html",
            "creation_date": "2010-05-28T08:50:25"
        }
    },
    {
        "pk": 6,
        "model": "dbtemplates.template",
        "fields": {
            "content": "<!DOCTYPE html>\r\n<html lang=\"{{ page_language }}\">\r\n<head>\r\n<title>PyLucid CMS - {{ page_title }}</title>\r\n<link rel=\"canonical\" href=\"{{ page_permalink }}\" />\r\n<meta http-equiv=\"content-type\" content=\"text/html; charset=utf-8\" />\r\n<meta name=\"robots\" content=\"{{ page_robots }}\" />\r\n<meta name=\"keywords\" content=\"{{ page_keywords }}\" />\r\n<meta name=\"description\" content=\"{{ page_description }}\" />\r\n<meta name=\"DC.Date\" content=\"{{ page_lastupdatetime|date:_(\"DATETIME_FORMAT\") }}\" />\r\n<meta name=\"DC.Date.created\" content=\"{{ page_createtime|date:_(\"DATETIME_FORMAT\") }}\" />\r\n<meta name=\"DC.language\" content=\"{{ page_language }}\" />\r\n<meta name=\"MSSmartTagsPreventParsing\" content=\"TRUE\" />\r\n<meta http-equiv=\"imagetoolbar\" content=\"no\" />\r\n\r\n{% compress js %}\r\n<script type=\"text/javascript\" src=\"{{ STATIC_URL }}admin/js/jquery.min.js\" onerror=\"JavaScript:alert('Error loading file ['+this.src+'] !');\" ></script>\r\n<script type=\"text/javascript\" src=\"{{ STATIC_URL }}PyLucid/pylucid_js_tools.js\" onerror=\"JavaScript:alert('Error loading file ['+this.src+'] !');\"></script>\r\n{% endcompress %}\r\n\r\n{% compress css %}\r\n<link rel=\"stylesheet\" href=\"{{ STATIC_URL }}PyLucid/blueprint/screen.css\" type=\"text/css\" media=\"screen, projection\" />\r\n<link rel=\"stylesheet\" href=\"{{ STATIC_URL }}PyLucid/blueprint/print.css\" type=\"text/css\" media=\"print\" />\r\n<!--[if lt IE 8]>\r\n  <link rel=\"stylesheet\" href=\"{{ STATIC_URL }}PyLucid/blueprint/ie.css\" type=\"text/css\" media=\"screen, projection\" />\r\n<![endif]-->\r\n{% endcompress %}\r\n<!-- ContextMiddleware extrahead -->\r\n{% block extrahead %}{% endblock %}\r\n</head><body lang=\"{{ page_language }}\"><a name=\"top\"></a>\r\n<div class=\"container\">\r\n   {% block body_content %}{% endblock %}\r\n   <div class=\"span-24 last\" id=\"footer\">\r\n      <p>powered by {{ powered_by }} | {% lucidTag auth %} | <!-- script_duration --> | last modified: {{ page_lastupdatetime|date:_(\"DATETIME_FORMAT\") }}</p>\r\n   </div>\r\n</div>\r\n</body></html>",
            "sites": [
                1
            ],
            "last_changed": "2012-05-31T08:28:17.897",
            "name": "initial_site_style/base_cms_site.html",
            "creation_date": "2010-05-28T08:34:02"
        }
    },
    {
        "pk": 4,
        "model": "dbtemplates.template",
        "fields": {
            "content": "{% extends \"initial_site_style/base_cms_site.html\" %}\r\n{% block title %}PyLucid CMS - {{ page_title }}{% endblock %}\r\n{% block body_content %}\r\n<div id=\"headline\"><h2>PyLucid CMS</h2></div>\r\n\r\n{% lucidTag main_menu %}\r\n\r\n<div id=\"main_content\">\r\n  <h2 id=\"page_title\">{{ page_title }}</h2>\r\n    {% include \"pylucid/includes/page_msg.html\" %}\r\n  {% lucidTag admin_menu %}\r\n  <p><!-- ContextMiddleware breadcrumb -->\r\n  <p>{% lucidTag language %}</p>\r\n  </p>\r\n  <div id=\"page_content\">\r\n    {% block content %}{{ page_content }}{% endblock content %}\r\n    {% lucidTag pylucid_comments %}\r\n  </div>\r\n  {% include \"initial_includes/permalink.html\" %}\r\n</div>\r\n{% endblock body_content %}",
            "sites": [
                1
            ],
            "last_changed": "2012-01-04T09:59:03",
            "name": "initial_site_template/elementary.html",
            "creation_date": "2008-05-23T11:11:06"
        }
    },
    {
        "pk": 1,
        "model": "dbtemplates.template",
        "fields": {
            "content": "{% extends \"initial_site_style/base_cms_site.html\" %}\r\n{% block title %}PyLucid CMS - {{ page_title }}{% endblock %}\r\n{% block body_content %}\r\n<div class=\"span-24 last header\">\r\n   <h1 id=\"headline\"><a href=\"/\">PyLucid CMS</a></h1>\r\n</div>\r\n\r\n<div class=\"span-24 last\">   \r\n   {% lucidTag admin_menu %}\r\n</div>\r\n       \r\n<div class=\"span-24 last\" id=\"page_content\">\r\n   <div id=\"float_nav\">\r\n      {% lucidTag language %}\r\n      {% lucidTag main_menu %}\r\n      {% lucidTag search %}\r\n   </div>\r\n   <h2 id=\"page_title\">{{ page_title|escape }}</h2>\r\n   <!-- ContextMiddleware breadcrumb -->\r\n   {% include \"pylucid/includes/page_msg.html\" %}      \r\n   {% lucidTag TOC min=3 %}\r\n   {% block content %}{{ page_content }}{% endblock content %}\r\n   {% lucidTag pylucid_comments %}\r\n</div>\r\n   \r\n<div class=\"span-20\">\r\n    {% lucidTag tag_navi %}\r\n</div>\r\n<div class=\"span-4 last\">\r\n    {% include \"initial_includes/permalink.html\" %}\r\n</div>\r\n{% endblock body_content %}\r\n",
            "sites": [
                1
            ],
            "last_changed": "2012-01-04T08:15:01",
            "name": "initial_site_template/main.html",
            "creation_date": "2008-05-23T11:11:06"
        }
    },
    {
        "pk": 2,
        "model": "dbtemplates.template",
        "fields": {
            "content": "{% extends \"initial_site_style/base_cms_site.html\" %}\r\n{% block title %}PyLucid CMS - {{ page_title }}{% endblock %}\r\n{% block body_content %}\r\n<div id=\"headline\">\r\n  <a href=\"/\">\r\n  <img id=\"pylucid_logo\" src=\"http://static.htfx.info/pylucid_logo.jpg\" alt=\"PyLucid CMS\" title=\"PyLucid CMS\" />\r\n  </a>\r\n</div>\r\n\r\n<div id=\"the_menu\">\r\n  {% lucidTag main_menu %}\r\n  <div id=\"searching\">\r\n    {% lucidTag search %}\r\n  </div>\r\n  <a href=\"http://sourceforge.net/projects/pylucid/\" id=\"logo\" alt=\"goto our SourceForge project page &gt;&gt;\" title=\"goto our SourceForge project page &gt;&gt;\">\r\n    <img src=\"http://sourceforge.net/sflogo.php?group_id=146328&amp;type=1\" width=\"88\" height=\"31\" border=\"0\" alt=\"SourceForge Logo\" />\r\n  </a>\r\n  <a href=\"http://pylucid.net/trac/\" alt=\"goto PyLucid trac &gt;&gt;\" title=\"goto PyLucid trac &gt;&gt;\">\r\n    <img src=\"http://static.htfx.info/trac_logo_mini.png\" border=\"0\" alt=\"trac Logo\" />\r\n  </a>\r\n  <br />\r\n  <a href=\"http://www.ohloh.net/projects/5642?p=PyLucid\" alt=\"goto PyLucid Ohloh profile &gt;&gt;\" title=\"goto PyLucid Ohloh profile &gt;&gt;\">\r\n    <img src=\"http://www.ohloh.net/projects/5642/badge.gif\" border=\"0\" alt=\"Ohloh metrics\" />\r\n  </a>\r\n</div>\r\n\r\n<div id=\"main_content\">\r\n  <h2 id=\"page_title\">{{ page_title|escape }}</h2>\r\n  {% include \"pylucid/includes/page_msg.html\" %}\r\n  {% lucidTag admin_menu %}\r\n  <div id=\"page_content\">\r\n    {% block content %}{{ page_content }}{% endblock content %}\r\n    {% lucidTag pylucid_comments %}\r\n  </div>\r\n  {% include \"initial_includes/permalink.html\" %}\r\n</div>\r\n{% endblock body_content %}",
            "sites": [
                1
            ],
            "last_changed": "2012-01-04T09:59:13",
            "name": "initial_site_template/old_basic.html",
            "creation_date": "2008-05-23T11:11:06"
        }
    },
    {
        "pk": 3,
        "model": "dbtemplates.template",
        "fields": {
            "content": "{% extends \"initial_site_style/base_cms_site.html\" %}\r\n{% block title %}PyLucid CMS - {{ page_title }}{% endblock %}\r\n{% block body_content %}\r\n<div id=\"content\">\r\n  <p id=\"head\">PyLucid CMS</p>\r\n  <hr class=\"big\" />\r\n  {% lucidTag sf_main_menu %}\r\n  <hr class=\"small\" />\r\n\r\n  <h2 id=\"page_title\">{{ page_title }}</h2>\r\n    {% include \"pylucid/includes/page_msg.html\" %}\r\n  {% lucidTag admin_menu %}\r\n  <p><!-- ContextMiddleware breadcrumb -->\r\n  <p>{% lucidTag language %}</p>\r\n  </p>\r\n  <div id=\"page_content\">\r\n    {% block content %}{{ page_content }}{% endblock content %}\r\n    {% lucidTag pylucid_comments %}\r\n  </div>\r\n  {% include \"initial_includes/permalink.html\" %}\r\n  <hr class=\"small\" />\r\n  <hr class=\"big\" />\r\n</div>\r\n{% endblock body_content %}",
            "sites": [
                1
            ],
            "last_changed": "2012-01-04T09:59:20",
            "name": "initial_site_template/small_dark.html",
            "creation_date": "2008-05-23T11:11:06"
        }
    },
    {
        "pk": 5,
        "model": "dbtemplates.template",
        "fields": {
            "content": "{% extends \"initial_site_style/base_cms_site.html\" %}\r\n{% block title %}PyLucid CMS - {{ page_title }}{% endblock %}\r\n{% block body_content %}\r\n<div id=\"wrap\">\r\n  <div id=\"header\">\r\n    <img id=\"pylucid_logo\" src=\"/static/put_your_logo_here.jpg\" alt=\"Change Template and put your logo here\" title=\"Change Template and put your logo here\" />\r\n  </div>\r\n\r\n  <div id=\"leftside\">\r\n    <h2 class=\"hide\">Menu:</h2>\r\n    {% lucidTag main_menu %}\r\n    {% lucidTag search %}\r\n  </div>\r\n\r\n  <div id=\"contentwide\">\r\n    <div id=\"admin\">{% lucidTag admin_menu %}</div>\r\n    {% include \"pylucid/includes/page_msg.html\" %}\r\n    <h2>{{ page_title }}</h2>\r\n    <p><!-- ContextMiddleware breadcrumb -->\r\n    <p>{% lucidTag language %}</p>\r\n    </p>\r\n    <div id=\"page_content\">\r\n       {% block content %}{{ page_content }}{% endblock content %}\r\n       {% lucidTag pylucid_comments %}\r\n    </div>\r\n    {% include \"initial_includes/permalink.html\" %}\r\n  </div>\r\n\r\n</div>\r\n{% endblock body_content %}\r\n",
            "sites": [
                1
            ],
            "last_changed": "2012-01-04T09:59:27",
            "name": "initial_site_template/small_white.html",
            "creation_date": "2008-05-23T11:11:06"
        }
    },
    {
        "pk": 1,
        "model": "lexicon.lexiconentry",
        "fields": {
            "term": "PyLucid CMS",
            "createby": 1,
            "language": 2,
            "lastupdatetime": "2010-03-26T15:11:31",
            "tags": "PyLucid",
            "markup": 6,
            "sites": [
                1
            ],
            "short_definition": "PyLucid ist ein flexibles, Open Source Webseiten Content Management System.",
            "content": "PyLucid ist ein flexibles, Open Source Webseiten Content Management System. Es ist in Python geschrieben und nutzt das Django Framework.\r\n\r\nDiese Seiten werden mit PyLucid CMS generiert ;)\r\n\r\nMehr Informationen sind nun auf: http://www.pylucid.org\r\n\r\n<<html>>\r\n<script type=\"text/javascript\" src=\"http://www.ohloh.net/p/5642/widgets/project_basic_stats.js\"></script>\r\n<</html>>",
            "alias": "PyLucid",
            "is_public": true,
            "lastupdateby": 1,
            "createtime": "2010-03-26T15:11:31"
        }
    },
    {
        "pk": 2,
        "model": "lexicon.lexiconentry",
        "fields": {
            "term": "PyLucid CMS",
            "createby": 1,
            "language": 1,
            "lastupdatetime": "2010-03-26T15:13:10",
            "tags": "PyLucid",
            "markup": 6,
            "sites": [
                1
            ],
            "short_definition": "PyLucid is the CMS thats built this page.",
            "content": "PyLucid is a Open Source web content management system written in Python using the Django Framework.\r\n\r\nThis pages are created by PyLucid ;)\r\n\r\nMore information: http://www.pylucid.org\r\n\r\n<<html>>\r\n<script type=\"text/javascript\" src=\"http://www.ohloh.net/p/5642/widgets/project_basic_stats.js\"></script>\r\n<</html>>",
            "alias": "PyLucid",
            "is_public": true,
            "lastupdateby": 1,
            "createtime": "2010-03-26T15:12:22"
        }
    }
]